x,y
-542,-686
42,-734
-368,-584
-16,-705
691,-78
-522,-602
-519,-644
-470,-620
-53,-601
79,-675
-679,-781
-454,-761
647,76
-675,-744
86,-557
666,133
-713,-658
781,-62
-647,-734
671,-16
-554,-759
-343,-586
-411,-788
575,-73
-504,-626
777,141
601,46
31,-791
-97,-743
-655,-627
-499,-808
106,-797
-416,-810
-415,-740
41,-770
-559,-632
-102,-713
-685,-737
99,-700
134,-622
-350,-654
-640,-765
669,84
-489,-603
-20,-697
7,-544
-368,-616
-63,-657
-459,-793
543,-5
-503,-698
-511,-769
760,17
-87,-661
-642,-533
-626,-713
110,-637
547,34
-678,-699
-631,-571
-559,-682
578,102
-13,-805
116,-748
-40,-753
-375,-686
-407,-596
-541,-521
-485,-784
652,-23
-39,-709
-39,-626
585,124
9,-553
-668,-785
-539,-569
-383,-782
-469,-582
603,95
-505,-721
-531,-698
739,-38
-394,-534
-505,-621
667,-57
-611,-644
-559,-713
-525,-681
-565,-507
-353,-562
-415,-630
-508,-594
682,53
591,160
28,-739
753,-35
718,158
633,-68
82,-642
803,86
-27,-649
-479,-542
115,-548
-386,-770
791,-77
529,33
-723,-748
-316,-682
752,-90
718,74
-686,-764
655,152
641,-83
714,-106
789,120
-520,-609
578,-25
-673,-672
-429,-693
-532,-686
-488,-570
-350,-655
156,-618
-356,-797
661,113
-686,-696
-115,-762
129,-751
805,107
-439,-659
-535,-788
-26,-771
-394,-758
794,51
-469,-531
802,30
-575,-679
3,-718
641,21
796,12
-341,-773
667,158
-516,-743
-483,-802
113,-581
694,-2
-654,-644
-503,-778
672,-78
609,11
604,66
-572,-689
705,142
660,-85
-528,-530
-423,-661
637,167
-665,-510
12,-815
-16,-719
-326,-790
72,-593
83,-789
752,121
-25,-656
-381,-704
48,-778
-493,-703
-527,-654
790,-30
572,149
-74,-790
-525,-715
754,164
-626,-675
155,-573
567,123
712,-74
-480,-720
-698,-514
-621,-638
-485,-756
541,119
770,-14
-506,-749
-484,-764
104,-783
-640,-760
703,-85
-547,-729
-419,-676
-644,-596
-371,-635
-89,-747
-550,-798
-673,-748
-526,-620
-559,-695
-577,-770
633,15
-544,-724
717,139
-326,-774
786,106
-685,-572
-569,-583
-123,-700
-298,-617
69,-563
-18,-758
122,-809
-359,-629
-60,-656
-492,-647
-688,-602
-607,-548
734,84
-350,-780
-415,-603
79,-553
-426,-787
13,-686
744,116
703,90
-528,-770
-460,-635
-47,-666
650,40
734,-101
634,86
-390,-750
-494,-782
663,37
-564,-609
129,-664
-45,-629
739,-2
-616,-620
-473,-596
-612,-543
-598,-605
-599,-760
-470,-678
-506,-746
-33,-693
116,-578
-409,-563
-703,-769
-405,-569
-120,-679
680,58
549,135
-546,-577
662,39
-327,-702
698,-110
-329,-787
-508,-616
754,6
42,-549
-539,-573
-111,-598
732,91
-467,-518
6,-672
632,111
556,142
-476,-557
-590,-733
-72,-791
-495,-699
-496,-612
-464,-694
595,35
-350,-564
-354,-559
795,-108
607,45
-12,-576
-87,-787
-110,-812
-520,-806
-515,-646
760,48
738,116
14,-687
-670,-543
-612,-612
134,-538
622,83
-540,-600
-421,-785
612,113
34,-708
42,-803
-496,-689
-495,-550
-551,-511
-356,-533
112,-773
604,53
-672,-557
-344,-569
640,145
770,88
44,-752
74,-720
573,-45
2,-682
-21,-766
-543,-598
19,-693
568,69
-499,-664
22,-704
-562,-572
-607,-691
-348,-569
547,67
142,-587
-503,-728
797,166
-92,-807
-320,-651
-95,-540
-469,-567
118,-665
-14,-682
528,163
631,-31
-504,-678
-520,-784
-466,-727
525,-106
-311,-672
-504,-737
110,-612
785,-58
-374,-542
112,-665
-406,-637
-515,-539
583,-35
529,-83
99,-778
-641,-508
-679,-725
778,21
-386,-741
-554,-784
110,-701
28,-769
-365,-668
-532,-534
140,-617
686,38
-454,-754
-408,-783
-573,-673
-462,-774
-656,-541
-551,-626
-481,-621
-344,-714
551,150
-400,-807
-419,-662
-367,-659
-429,-745
-8,-600
694,-26
-42,-543
-514,-724
8,-717
118,-550
-709,-512
651,-68
-729,-676
-519,-744
-574,-609
587,48
-629,-634
2,-661
-561,-632
47,-810
-564,-615
-446,-685
-696,-751
-75,-630
-712,-734
-572,-669
698,2
-481,-784
601,60
525,-16
48,-573
573,-77
709,-98
-348,-624
-10,-764
-707,-728
-464,-582
618,118
-430,-643
-536,-702
666,-45
20,-793
82,-748
108,-678
-499,-717
-613,-720
748,-29
720,-92
656,78
638,48
-620,-736
-420,-759
-406,-784
-391,-716
-570,-744
-593,-656
-427,-614
762,32
-307,-620
-558,-765
-364,-800
776,164
-101,-571
-488,-803
-307,-794
-420,-642
-730,-718
-638,-673
-62,-582
-551,-651
128,-570
-102,-748
-313,-611
-427,-653
-513,-542
-608,-624
-403,-686
-366,-576
545,-56
600,50
701,162
-504,-680
147,-545
534,-26
-98,-637
-13,-707
-655,-506
-98,-570
-69,-652
635,64
667,-54
-633,-652
-722,-656
-498,-547
721,62
-524,-602
746,-13
-113,-578
623,105
-377,-802
558,-38
544,16
732,-41
717,157
-676,-624
-501,-602
-605,-674
-362,-671
647,-7
-520,-782
-580,-508
-552,-798
-95,-688
551,8
-482,-629
-546,-598
83,-686
-559,-546
-576,-669
113,-749
612,-62
791,-110
800,146
-20,-580
125,-677
-488,-608
-527,-692
-502,-770
-70,-548
796,-15
-468,-514
-476,-666
-702,-635
-719,-561
-382,-542
769,-42
55,-636
-521,-667
565,113
85,-644
584,-69
632,105
-83,-683
-117,-608
-574,-778
787,150
-578,-610
-481,-596
-429,-793
84,-766
149,-703
-92,-725
-524,-784
565,156
-329,-534
-69,-780
-483,-696
679,21
-480,-660
772,-103
-679,-599
-302,-674
598,68
690,-34
551,-99
659,-53
-624,-565
106,-672
-665,-551
662,-31
-699,-620
-602,-757
-532,-701
-594,-591
559,68
-17,-771
-579,-522
-612,-540
-383,-701
730,114
136,-595
626,161
-658,-566
-496,-757
-485,-741
-120,-766
680,-111
564,74
-499,-796
57,-657
784,162
627,-2
122,-607
-598,-532
113,-542
-489,-551
-20,-596
-460,-581
123,-556
711,-90
587,-65
635,163
-529,-608
-62,-633
-500,-753
-525,-683
-372,-610
638,3
-506,-693
-627,-634
-302,-786
135,-538
-639,-520
-299,-652
-495,-660
-517,-741
-532,-514
-611,-594
-535,-673
-5,-696
-731,-559
-413,-791
40,-717
-343,-693
146,-540
-515,-693
794,157
-51,-598
137,-710
-433,-796
-384,-778
-382,-685
357,697
-665,-783
36,-716
4,-635
-478,-614
-408,-734
-45,-795
696,99
574,-67
27,-768
-534,-802
615,122
-481,-605
4,-574
-390,-759
-480,-531
-474,-786
16,-681
747,22
782,-47
543,-93
580,-65
-436,-768
-301,-730
626,162
532,57
705,-42
713,77
-547,-645
-121,-710
566,130
-423,-791
-48,-691
-600,-566
-544,-777
125,-817
567,112
-520,-616
798,-25
-18,-726
665,7
-574,-745
-41,-613
706,43
-397,-631
774,123
612,4
701,-18
-515,-652
-631,-765
623,160
-323,-777
596,-105
37,-660
800,123
775,-107
81,-671
755,-63
-469,-727
94,-808
-543,-510
-453,-593
-489,-767
632,74
87,-700
-402,-756
103,-745
-527,-611
-363,-625
542,-102
-498,-626
-713,-519
106,-571
572,46
-31,-643
125,-607
18,-763
-413,-563
141,-669
-312,-682
-408,-799
26,-588
-540,-654
-427,-618
651,-30
-504,-739
-656,-593
-605,-569
540,-35
-28,-616
-389,-573
-26,-590
-8,-811
776,69
-660,-624
-688,-750
-558,-631
673,-1
-458,-718
-678,-695
-328,-708
-526,-613
-693,-747
653,157
-617,-525
676,114
-441,-649
66,-631
-463,-704
-535,-748
565,135
-701,-618
-412,-612
-613,-731
139,-549
-483,-609
65,-647
-613,-534
147,-748
542,-46
-683,-634
-526,-614
-571,-698
560,90
-488,-527
84,-775
-541,-531
621,-30
644,-65
-450,-738
-335,-782
-497,-774
-598,-650
-458,-585
-473,-785
-454,-533
720,-26
-374,-755
730,-56
-55,-816
794,-103
-602,-688
-691,-700
-331,-536
-632,-703
716,-107
-81,-790
-456,-586
-687,-582
634,124
593,-81
-644,-619
615,80
-463,-715
663,38
580,55
-543,-510
-600,-643
-532,-728
752,56
72,-811
-364,-575
-684,-642
-491,-712
-701,-538
643,52
98,-587
-97,-619
-696,-588
-434,-622
20,-799
-647,-581
-103,-767
-547,-739
122,-709
555,76
-303,-803
-94,-632
-550,-736
-479,-598
-103,-771
629,43
545,-25
51,-722
12,-766
-24,-781
106,-653
125,-574
-47,-554
-669,-524
-402,-797
-460,-764
-706,-525
76,-759
720,159
42,-742
-480,-553
-398,-686
739,73
-470,-590
-482,-569
38,-760
-601,-762
-604,-531
-579,-643
-308,-673
-607,-686
773,92
-688,-718
-406,-615
-488,-670
569,132
765,-39
-454,-697
-400,-782
-14,-643
-462,-656
-396,-671
593,60
572,133
-461,-653
35,-682
-558,-628
-123,-676
-526,-603
772,88
-483,-578
-562,-740
-102,-739
-491,-587
-571,-772
-480,-644
-362,-751
-593,-706
-84,-670
606,35
96,-723
-655,-739
562,-10
792,147
-520,-794
70,-592
-495,-753
-576,-593
-596,-744
8,-622
684,-23
-316,-594
639,-80
-567,-544
-443,-694
-385,-559
740,47
655,-40
76,-756
-716,-651
-425,-682
730,-14
-723,-653
561,-68
-332,-709
665,134
-105,-615
627,44
151,-555
-467,-710
93,-813
724,106
573,-32
-115,-713
-714,-697
582,60
-593,-530
103,-580
-41,-607
-678,-623
-375,-785
-445,-794
727,159
539,83
-607,-780
608,-25
-490,-613
756,98
607,36
-542,-764
-335,-758
-589,-587
-711,-743
-475,-581
-353,-741
536,65
68,-600
-502,-572
-644,-705
-609,-782
617,115
-545,-606
-586,-723
-438,-621
-475,-673
650,112
110,-775
790,-60
563,-12
661,-14
-477,-648
-318,-634
154,-566
555,67
674,-20
-77,-673
-495,-588
-387,-775
-31,-636
-24,-588
666,122
-520,-673
142,-686
-521,-597
768,-30
-101,-683
-341,-667
109,-542
-439,-535
-75,-801
-41,-710
-106,-625
-700,-638
-568,-721
-522,-555
-352,-689
-103,-792
-305,-714
754,159
153,-706
74,-790
-327,-591
605,-52
-343,-574
-456,-587
768,-23
-480,-557
575,-60
-565,-663
100,-813
-302,-612
-358,-581
689,64
-382,-569
-538,-655
713,-58
-492,-607
-712,-758
577,10
-481,-585
-493,-520
620,131
-476,-722
716,-71
535,-23
-469,-724
-553,-750
-551,-729
-423,-757
623,-104
-333,-617
-473,-552
-471,-562
-711,-625
-547,-722
705,125
-19,-565
-568,-554
-342,-794
76,-670
-29,-655
-37,-791
-714,-682
-456,-777
20,-745
577,129
-373,-726
-550,-647
-552,-685
586,137
-16,-637
118,-807
28,-577
13,-600
-61,-664
-548,-646
653,150
-32,-575
-76,-728
-552,-694
-552,-605
591,85
-358,-566
-340,-746
-497,-772
-562,-574
121,-805
600,48
-519,-687
-479,-671
142,-659
-552,-588
98,-662
81,-706
-34,-538
-491,-745
637,101
69,-552
592,22
564,161
155,-614
-420,-726
-496,-742
-15,-544
-96,-575
153,-584
717,-105
-517,-802
-319,-573
-571,-600
-306,-771
762,96
-617,-721
799,-75
-43,-700
768,-21
154,-601
-695,-720
108,-773
-56,-693
-109,-665
-104,-747
571,-20
716,-77
-311,-687
140,-724
-530,-572
34,-688
-506,-640
-516,-509
-386,-555
-369,-709
-47,-628
121,-750
544,162
663,-83
630,-106
-704,-627
-540,-742
-84,-794
123,-675
800,-18
131,-628
-53,-643
-548,-795
584,-7
721,0
-539,-695
-540,-645
-579,-506
695,-101
620,141
-725,-580
-561,-525
-46,-666
-531,-626
591,-106
-53,-596
689,-4
-666,-763
-502,-752
-74,-688
-61,-787
728,149
92,-687
-681,-703
-497,-718
797,-87
-391,-744
-664,-591
-654,-586
-554,-736
668,-75
-417,-594
-370,-636
-470,-667
-404,-706
804,140
-601,-631
641,39
560,74
-528,-769
113,-631
533,8
628,-51
604,168
650,7
-572,-736
-36,-582
571,-3
-69,-779
99,-769
111,-760
-576,-601
-514,-624
-351,-562
774,106
-643,-720
-431,-646
-590,-638
-302,-625
-96,-730
-502,-705
-18,-563
93,-720
-563,-556
-530,-670
697,74
-556,-648
-379,-591
-544,-677
-113,-817
8,-779
741,-107
695,133
623,44
72,-814
637,-35
145,-712
535,135
149,-776
705,-36
-51,-772
653,-68
-519,-732
-397,-611
-484,-584
-376,-697
803,-66
-24,-646
116,-728
-604,-746
-419,-624
589,116
684,-58
-631,-651
701,156
-453,-553
565,-13
-579,-701
757,-68
-417,-554
-515,-773
1,-557
-11,-659
579,18
-573,-749
684,155
734,-81
558,-88
-59,-596
-581,-603
-345,-731
100,-761
-14,-796
95,-577
-536,-599
-456,-795
712,62
593,-86
638,11
639,40
-597,-613
747,65
637,71
-315,-804
786,85
-339,-767
96,-735
526,66
-425,-630
582,-97
146,-607
-699,-508
33,-601
-489,-516
690,35
-481,-543
-63,-780
-632,-698
690,23
-468,-688
83,-578
757,124
529,64
-329,-774
-519,-621
-459,-788
640,126
-326,-648
-322,-696
125,-545
699,-76
65,-733
-40,-606
-491,-778
-367,-683
-691,-600
-665,-743
-633,-663
-627,-523
-615,-704
788,30
-533,-719
581,112
-463,-636
630,67
-69,-546
142,-554
71,-796
-517,-523
-88,-812
-602,-769
-447,-785
699,-69
656,-5
732,124
542,-40
-582,-665
151,-609
-603,-579
126,-716
-422,-562
-509,-550
562,16
-340,-575
-362,-792
147,-541
-566,-780
-632,-606
695,146
75,-747
675,33
-494,-518
-496,-802
-524,-517
-550,255
-43,-654
-502,-602
638,88
-499,-724
-506,-613
-545,-577
676,-95
-709,-699
-331,-758
-649,-776
541,-69
-482,-570
-529,-532
-362,-565
-720,-506
151,-693
-468,-584
28,-675
638,120
-323,-672
588,-6
605,-85
-655,-588
-640,-623
-61,-769
-47,-802
720,-88
51,-740
732,111
-492,-712
15,-667
631,57
-651,-545
-513,-767
-38,-623
781,74
526,106
-496,-685
-598,-508
-508,-791
-637,-609
554,89
-499,-612
-308,-564
-623,-662
538,84
699,161
-105,-811
-732,-663
-687,-757
-33,-722
-413,-662
-401,-605
8,-805
743,-26
-691,-785
-37,-537
116,-664
-553,-607
19,-729
-516,-628
-568,-557
552,160
645,38
-473,-554
-540,-650
-98,-611
-452,-572
-547,-555
-454,-723
629,123
-481,-729
-360,-572
-578,-790
11,-708
-15,-731
-491,-697
-472,-653
-575,-648
-509,-570
-704,-529
-707,-631
-472,-661
643,166
69,-562
-474,-784
-543,-739
759,41
39,-591
573,-71
-402,-543
-340,-672
-102,-742
-572,-772
-507,-583
-712,-507
740,156
779,-43
-521,-794
-451,-776
796,128
743,-55
-648,-676
781,-34
-532,-619
-492,-564
756,-95
-340,-789
701,-56
-31,-694
-686,-547
649,-61
-474,-704
-506,-766
-588,-569
738,76
-718,-755
702,-4
-462,-532
-634,-705
-445,-543
-511,-749
13,-783
-495,-544
-37,-708
-721,-755
-335,-683
582,148
-708,-752
526,66
-98,-817
-28,-796
-336,-766
561,125
726,-30
-538,-544
-426,-788
-386,-757
720,-61
-52,-556
-31,-812
-328,-795
-496,-535
-468,-798
-509,-708
797,-111
-380,-590
-484,-681
25,-542
-514,-599
121,-580
-456,-746
591,-46
117,-610
-490,-639
765,29
698,63
25,-627
652,-71
770,105
779,104
144,-614
134,-637
579,1
-120,-752
-697,-606
-516,-578
-556,-567
-628,-530
609,-4
106,-789
39,-791
-105,-776
566,6
52,-689
-553,-543
-4,-764
-445,-718
-567,-631
-606,-739
-597,-685
-649,-527
-509,-751
-380,-654
-491,-588
-524,-562
44,-614
118,-594
785,-29
-410,-562
-588,-665
-522,-584
693,126
-550,-689
557,22
-427,-662
-323,-647
628,-64
-532,-641
652,78
-526,-772
-484,-662
128,-622
664,31
584,86
-577,-733
-304,-559
-15,-584
46,-599
-317,-560
-11,-720
-117,-717
93,-708
12,-599
745,29
-350,-666
-529,-627
-329,-677
-499,-793
793,43
535,-109
124,-778
130,-624
-44,-539
716,-24
-350,-644
-673,-719
-557,-569
32,-662
-336,-810
-515,-741
-417,-656
-588,-579
546,162
-542,-693
-435,-570
-553,-709
-626,-675
-574,-565
717,-98
-395,-805
-505,-637
-674,-558
-29,-565
-521,-600
-307,-627
756,39
47,-593
-487,-604
-729,-766
782,-85
-301,-627
663,159
-514,-529
-695,-630
-715,-754
563,159
762,-47
-719,-679
-523,-639
753,-39
49,-769
527,-4
-461,-642
-517,-661
-352,-709
-445,-589
-480,-683
-439,-594
37,-656
-70,-613
612,81
541,-94
-431,-781
-494,-783
801,148
-493,-599
-400,-785
-310,-549
-619,-521
667,69
120,-563
-56,-611
-30,-742
-545,-690
-359,-551
-578,-527
-548,-745
-500,-636
689,105
-50,-653
-459,-784
149,-539
556,-46
-475,-569
671,34
-123,-635
114,-553
124,-701
537,9
-478,-578
-33,-710
-469,-620
682,160
-303,-793
696,-7
578,-55
-692,-728
25,-703
-676,-608
-623,-581
4,-792
-385,-656
719,-33
703,128
-514,-597
-541,-684
677,58
64,-817
620,93
156,-777
-633,-671
94,-762
-430,41
100,-624
-78,-574
-604,-569
593,39
141,-625
-107,-542
-525,-651
-34,-729
-516,-764
58,-572
658,95
570,38
574,91
-528,-646
734,-74
687,161
562,34
16,-736
1,-686
622,-108
108,-607
644,-106
-460,-538
-535,-534
7,-814
-572,-551
-664,-782
-566,-750
-454,-765
-331,-751
-710,-584
718,76
612,-111
641,-104
-51,-806
-521,-603
-589,-697
-710,-722
-504,-721
-529,-644
734,89
-570,-563
-527,-672
623,-78
-26,-803
546,-110
711,29
-717,-584
-587,-577
529,-90
-66,-770
-513,-721
-120,-723
657,-78
-469,-784
59,-601
-411,-677
-3,-663
-442,-747
-321,-683
-56,-773
645,46
-337,-713
-4,-570
-336,-568
-472,-627
-553,-602
768,126
15,-682
-493,-583
-431,-712
-517,-759
621,-87
618,112
-478,-560
-679,-513
-540,-535
-413,-738
-617,-631
-485,-535
64,-716
613,131
-504,-715
-363,-710
72,-786
132,-559
537,144
-366,-531
-469,-544
-574,-706
575,153
-571,-614
33,-599
-535,-778
-447,-601
-541,-610
-392,-753
719,154
-522,-617
673,83
-719,-587
-423,-763
-520,-778
790,-31
802,-17
130,-653
-22,-710
543,161
745,-86
794,95
-546,-631
-690,-701
-356,-579
553,137
119,-668
111,-737
77,-610
-476,-567
-306,-574
-313,-754
-541,-656
726,52
-548,-672
-587,-677
-707,-509
-521,-558
696,100
583,-98
38,-597
-36,-731
593,151
-588,-735
-94,-752
-505,-789
-510,-780
716,163
-369,-719
590,146
-116,-788
74,-605
136,-773
29,-745
-635,-679
-497,-792
-509,-669
-62,-589
-454,-661
-49,-569
59,-615
663,1
-525,-756
154,-674
-590,-578
79,-589
-101,-691
-729,-591
-481,-698
657,-54
-31,-766
62,-697
-515,-703
-730,-550
-532,-554
21,-799
-17,-616
621,-74
-471,-654
-558,-701
-432,-713
120,-687
-611,-576
-474,-695
111,-790
125,-684
640,162
-627,-516
-458,-613
-705,-725
79,-741
-618,-612
587,-90
689,0
785,-70
758,132
736,-90
575,121
-458,-782
785,-111
-69,-651
758,111
51,-651
-2,-809
772,98
28,-664
613,117
-457,-776
640,-44
-424,-613
-551,-546
759,93
-77,-563
-423,-713
-520,-662
-728,-773
-728,-627
-285,193
-93,-639
-419,-784
-71,-574
-397,-675
-356,-761
-548,-630
739,110
-542,-738
-510,-599
-75,-809
592,162
622,-72
-533,-562
782,70
89,-608
-112,-563
683,94
-349,-542
-554,-761
-534,-731
50,-549
141,-692
713,144
642,-34
-401,-555
70,-679
704,72
780,-27
-480,-681
-574,-664
-511,-565
-499,-584
-568,-619
-465,-731
-493,-752
-396,-575
778,126
-511,-776
595,90
40,-646
96,-641
-540,-804
155,-541
617,-49
562,-91
-685,-557
803,85
562,-4
732,-41
-403,-735
23,-548
26,-635
-604,-740
531,-5
-453,-644
19,-728
-18,-610
-712,-776
739,161
-731,-664
-374,-799
-113,-788
9,-748
-505,-750
-548,-650
-615,-628
720,-80
-109,-645
-587,-564
-510,-518
6,-674
-380,-772
-510,-570
-443,-550
597,92
716,114
-632,-572
-526,-511
543,-90
570,-10
-113,-639
707,2
-86,-703
-583,-664
-488,-633
-667,-699
-357,-534
-459,-698
-649,-649
-464,-637
64,-627
-557,-605
107,-734
-41,-760
-420,-773
-319,-694
-648,-663
791,2
-518,-766
-57,-650
683,46
93,-587
534,156
81,-810
-559,-624
718,7
93,-751
108,-665
707,45
-87,-756
-719,-732
-539,-506
694,67
-605,-637
561,-74
-685,-600
-393,-713
-535,-673
-626,-782
-86,-647
-462,-641
86,-568
51,-730
-432,-738
60,-787
716,-83
-689,-537
-511,-777
665,165
-561,-596
-20,-670
-630,-723
-487,-706
143,-651
675,-90
-553,-613
-427,-736
659,-41
798,-18
-29,-649
-414,-621
-548,-773
38,-582
-622,-615
-64,-614
546,-15
-60,-587
-475,-629
72,-607
-117,-663
-484,-672
-636,-705
-50,-540
-677,-640
18,-760
579,71
-686,-785
20,-652
-460,-759
-615,-588
-674,-633
-699,-695
27,-565
-666,-516
-117,-600
-548,-627
-523,-701
783,123
-701,-656
791,33
-463,-740
-644,-705
-91,-761
781,-17
-18,-646
93,-693
-97,-755
-571,-548
-329,-564
-558,-729
-39,-576
729,-62
-617,-706
-481,-583
62,-615
765,166
54,-575
-651,-529
77,-770
-354,-591
-509,-571
-602,-747
-430,-701
-63,-586
571,52
-513,-712
757,10
77,-745
-632,-509
742,-46
95,-723
790,118
-537,-561
-68,-578
790,-18
118,-725
-98,-648
27,-581
-545,-605
694,-95
-495,-640
-444,-724
-83,-770
-726,-739
-9,-788
145,-795
534,134
-616,-742
-464,-745
-499,-626
-700,-612
-35,-696
-332,-629
-527,-758
-25,-673
-505,-549
3,-783
-476,-618
-409,-668
-531,-752
-118,-662
-555,-709
704,-88
72,-700
-633,-601
-515,-704
97,-685
-560,-548
-603,-568
-343,-670
-498,-750
750,-58
67,-571
4,-759
634,93
-25,-548
-85,-814
-45,-738
737,39
554,-19
-101,-663
794,-17
-370,-791
771,31
-520,-697
-74,-653
-20,-633
757,63
-307,-643
62,-714
-20,-742
443,244
-57,-659
-77,-663
-559,-518
-336,-606
730,66
113,-739
-546,-517
-518,-772
-589,-586
755,46
-458,-512
791,144
-576,-524
125,-643
-121,-742
726,75
-503,-758
-479,-572
-722,-513
-465,-725
-541,-774
-437,-744
-367,-571
-693,-595
-572,-670
690,148
-56,-755
-488,-699
-549,-592
-380,-569
725,-111
-454,-542
134,-730
643,103
-512,-716
-357,-753
-469,-754
-478,-567
588,-33
696,36
-455,-544
44,-549
-496,-564
78,-731
-44,-608
-363,-712
709,44
671,148
-119,-725
-449,-604
-458,-664
-592,-716
-555,-781
-547,-567
90,-744
-646,-727
-400,-776
2,-806
-354,-655
702,-48
710,150
-491,-527
712,-66
-524,-555
655,-44
-575,-782
-50,-542
-627,-768
-528,-652
686,112
-355,-690
-75,-816
-532,-566
696,-61
-461,-647
-347,-593
-300,-767
572,-64
-540,-517
688,105
-475,-674
-595,-756
-559,-729
-471,-529
727,110
577,-25
675,122
777,59
148,-740
-310,-602
-40,-713
705,-45
-14,-740
86,-744
-652,-712
-472,-555
758,29
-520,-677
731,-29
675,-15
731,-54
-461,-629
81,-627
-708,-751
565,-19
78,-712
-9,-751
-552,-603
91,-602
-632,-760
578,116
781,-102
137,-806
-81,-717
787,-39
716,130
688,158
-453,-628
679,66
-314,-691
-516,-724
-552,-633
-513,-770
659,-95
-78,-557
-443,-574
-330,-565
23,-629
-690,-539
804,-22
-302,-776
-684,-524
-398,-686
-38,-697
-370,-661
-573,-635
540,-106
106,-767
-494,-602
-697,-622
719,-7
-648,-731
-517,-523
-686,-588
802,-42
-607,-733
-459,-606
-474,-639
87,-594
-573,-653
154,-549
-395,-639
-13,-704
705,147
-432,-772
-471,-549
-573,-748
-531,-810
663,129
81,-745
92,-730
54,-610
-454,-557
-455,-699
-629,-655
-690,-593
-610,-657
743,16
545,104
-15,-707
805,31
-507,-651
-22,-761
-604,-767
-41,-566
44,-576
-568,-658
787,30
584,155
-346,-555
-6,-541
-2,-811
-660,-656
-723,-616
637,-31
30,-649
690,-43
570,-50
654,39
724,105
146,-559
-675,-741
-377,-753
-472,-774
105,-607
776,133
646,-111
-583,-750
-722,-779
776,141
-547,-745
22,-694
59,-563
-707,-626
603,21
-559,-678
-655,-570
-666,-607
708,132
-91,-537
-365,-689
-75,-705
718,99
-480,-628
-653,-628
-490,-772
-124,-605
-488,-548
142,-593
-122,-585
79,-613
-74,-712
614,-54
-533,-638
-578,-533
90,-612
652,-11
125,-765
-322,-565
-302,-662
-556,-749
-561,-515
-636,-609
-548,-694
608,-6
-532,-799
-532,-688
642,139
686,67
-335,-580
632,-53
595,-12
-508,-745
-74,-562
-301,-665
-115,-726
587,52
90,-733
-1,-622
660,57
-113,-649
711,48
708,-14
-570,-627
-542,-685
-685,-574
-53,-544
532,-86
-389,-752
-591,-654
-463,-736
-498,-690
-416,-768
-381,-735
-540,-514
-321,-667
83,-809
-713,-553
697,136
-617,-693
58,-539
-679,-733
-691,-573
632,-14
-634,-769
102,-573
748,127
-441,-618
142,-764
747,160
12,-689
-473,-732
-462,-746
-460,-769
-607,-770
658,30
-123,-722
-572,-718
-546,-737
-597,-590
-668,-733
732,158
-616,-697
542,102
-696,-617
-541,-723
-473,-630
7,-538
-573,-778
636,33
-389,-722
90,-670
72,-753
-461,-660
-333,-720
-64,-697
597,-9
-386,-617
-479,-740
32,-760
-576,-606
-312,-586
-3,-669
567,106
-368,-779
-708,-542
753,40
-71,-611
-526,-746
-591,-619
-592,-615
-11,-676
38,-618
796,91
665,148
-43,-643
54,-672
87,-751
664,144
-51,-544
-651,-777
-733,-588
-560,-696
786,91
-485,-795
602,127
-505,-639
-305,-747
-551,-595
-510,-769
-532,-586
-648,-654
-559,-562
577,-41
153,-776
-53,-544
543,87
-598,-729
-301,-714
156,-632
-698,-657
-346,-763
67,-808
-418,-575
-732,-667
-403,-775
-485,-635
97,-713
-60,-546
-557,-599
-585,-590
574,-93
724,73
569,-19
771,65
-704,-619
-464,-622
62,-681
-316,-773
22,-596
-545,-609
763,-83
-116,-763
-524,-532
-655,-521
93,-699
25,-775
796,145
650,149
-90,-555
14,-801
702,-77
-384,-784
-603,-775
545,-19
19,-693
-626,-667
149,-811
-528,-578
-635,-761
797,22
-21,-758
-691,-563
-482,-594
-589,-592
-2,-577
-30,-610
-468,-524
-72,-789
115,-720
541,165
-569,-646
-566,-771
-306,-570
800,100
637,25
-529,-521
-385,-553
-371,-625
-418,-604
-630,-595
-386,-559
-558,-654
-487,-618
539,114
-570,-700
-423,-808
86,-700
-78,-609
18,-629
-79,-810
-549,-705
-92,-633
66,-780
-705,-675
-408,-782
-526,-546
-316,-688
31,-723
-447,-670
-544,-741
-511,-660
756,153
761,-64
568,-57
-728,-634
662,46
-516,-567
-87,-807
-112,-642
-675,-656
-339,-797
-312,-647
653,153
-655,-672
-359,-647
-463,-552
130,-631
608,106
-368,-564
-349,-810
-698,-715
-574,-548
128,-550
0,-759
707,74
-573,-606
-523,-779
-38,-674
-300,-740
76,-683
-385,-648
654,-16
-114,-805
-445,-647
-389,-758
673,60
-123,-548
718,-71
-486,-741
68,-771
-681,-528
590,-23
64,-632
-480,-753
-337,-808
-573,-576
-366,-629
-458,-577
-554,-585
586,-38
712,75
-656,-706
-567,-726
-691,-532
-15,-707
91,-792
-593,-732
-496,-651
-708,-728
119,-623
655,-56
-545,-614
644,-99
-562,-717
563,116
13,-575
-430,-791
-460,-608
-102,-618
-1,-578
-645,-680
92,-750
-361,-678
578,26
-468,-671
-704,-676
55,-711
-79,-585
-515,-560
-659,-519
-45,-807
-96,-735
742,-62
-570,-650
613,-37
-334,-772
-550,-549
702,79
-573,-542
-656,-507
-542,-671
-527,-761
-43,-715
62,-609
49,-667
-650,-637
-540,-557
-471,-631
-428,-630
39,-743
92,-690
-561,-675
64,-712
38,-711
-371,-664
92,-762
717,74
-512,-599
-476,-573
-574,-621
613,38
780,124
1,-584
-34,-661
98,-557
-668,-614
73,-752
540,64
-348,-684
-377,-532
602,156
9,-602
700,-77
734,73
-560,-657
-310,-775
652,28
-553,-612
588,-77
-390,-593
-501,-620
603,-36
-700,-786
593,23
-501,-534
714,-35
-84,-718
-562,-624
555,-88
-551,-596
-322,-691
-319,-809
-40,-632
43,-676
745,164
738,-40
49,-560
140,-708
-84,-816
-547,-727
798,-106
-337,-553
697,-43
-417,-715
619,-91
-402,-729
-517,-762
561,74
-3,-569
-479,-551
-632,-777
-635,-666
145,-638
558,109
-16,-654
-472,-551
-449,-652
603,156
741,-104
627,-84
777,38
-479,-750
-732,-729
572,-111
-73,-806
-646,-738
-468,-765
-55,-812
-370,-696
741,12
-402,-610
92,-617
-569,-670
-527,-702
-81,-617
-521,-780
713,41
-487,-624
154,-670
-609,-604
687,-32
-120,-748
786,125
674,157
151,-678
589,106
-25,-719
-456,-525
-63,-734
-475,-531
99,-758
-399,-626
-591,-732
797,41
22,-720
-17,-740
42,-763
534,97
612,-27
710,98
-429,-802
-528,-767
-491,-631
106,-704
-464,-554
-30,-560
-699,-519
147,-577
-11,-778
778,-35
-564,-514
-38,-692
-305,-555
-543,-661
-443,-536
-626,-767
790,29
-548,-721
578,25
713,18
-503,-727
795,128
-472,-508
-570,-580
-681,-697
-534,-613
731,14
-480,-717
76,-817
-610,-699
640,21
-713,-661
-403,-577
69,-568
67,-551
-335,-782
-529,-555
-36,-735
38,-673
-546,-523
-408,-642
-78,-750
590,43
545,-70
-644,-558
532,114
-510,-790
-502,-759
797,14
-86,-604
-299,-541
652,-27
-3,-708
746,99
-717,-555
528,3
693,-36
-108,-792
565,126
535,8
-336,-728
-374,-621
-427,-608
598,-41
-654,-727
546,0
10,-648
14,-600
-440,-538
797,47
-541,-647
-552,-537
651,-25
155,-742
-648,-707
-370,-762
621,159
-692,-510
-466,-510
-482,-667
-320,-672
-382,-563
-361,-717
-358,-781
661,28
-494,-568
-485,-629
-112,-556
-300,-775
-39,-678
-124,-712
576,-20
54,-778
-432,-653
-596,-696
625,-86
-585,-671
-574,-629
-693,-663
17,-580
-453,-657
-453,-641
-709,-677
106,-561
734,149
-417,-789
78,-730
-517,-735
-376,-793
-346,-692
-390,-631
-680,-781
-523,-567
-541,-539
-597,-601
-497,-523
-460,-546
-705,-527
-372,-601
113,-743
563,30
527,76
579,30
-548,-658
-531,-735
134,-778
-34,-761
70,-635
-113,-795
-689,-727
-694,-713
93,-685
-23,-725
-390,-574
-611,-723
547,-59
-671,-526
733,-86
756,-98
6,-568
23,-797
112,-556
129,-775
-497,-655
781,-47
-398,-800
56,-794
745,128
67,-760
686,69
694,1
9,-630
756,94
-646,-538
776,-104
-653,-537
-375,-565
-91,-595
-518,-701
-322,-610
-715,-520
-559,-773
72,-738
-624,-514
-122,-633
693,102
-75,-568
630,-34
771,-43
-86,-719
-725,-700
-526,-767
-527,-669
-517,-639
750,168
580,-11
-594,-551
767,-37
-59,-795
-564,-682
804,-88
-389,-744
605,42
-661,-557
91,-594
-623,-676
-480,-663
722,-110
792,-37
753,-63
705,16
-338,-657
138,-647
-342,-531
-27,-604
-112,-675
544,150
608,-85
-512,-769
85,-783
-670,-616
577,-44
-689,-654
-625,-730
-723,-723
525,15
-18,-735
572,-78
-476,-585
-561,-678
-522,-717
-342,-537
101,-805
-67,-739
97,-585
129,-755
749,-60
-491,-660
-65,-688
69,-563
-578,-635
678,43
735,132
-690,-599
-346,-756
-578,-635
-513,-643
-481,-634
19,-694
-124,-780
-436,-732
-407,-551
-418,-612
65,-812
-720,-578
-315,-613
-353,-788
-480,-520
672,122
723,165
-491,-667
620,159
20,-638
-530,-704
-467,-738
768,-9
-681,-568
79,-784
-563,-707
749,34
-633,-721
-37,-741
614,127
41,-548
652,-5
-49,-669
-412,-796
-333,-773
-557,-700
-459,-673
542,-74
-490,-537
-703,-613
-576,-538
-314,-542
-325,-735
-109,-668
766,2
-427,-635
-338,-555
-110,-756
-26,-810
610,162
735,-87
-312,-788
-476,-550
37,-741
626,-38
-688,-600
-51,-628
593,75
151,-798
-600,-603
735,92
135,-738
-383,-788
-97,-749
97,-554
-419,-635
551,25
-577,-554
-488,-757
-479,-723
98,-769
-696,-718
590,-106
-494,-593
-96,-600
-34,-640
-629,-612
738,-33
636,-81
-342,-719
587,-26
-345,-662
656,48
-111,-563
-459,-750
146,-629
-592,-667
729,-23
639,-52
-458,-696
631,-50
-729,-726
656,-38
-361,-798
6,-736
664,28
15,-808
676,57
-472,-564
-674,-545
-450,-758
15,-709
-308,-584
-521,-559
-560,-676
562,95
-305,-621
47,-796
38,-690
-467,-786
723,65
118,-581
-494,-760
-55,-603
-712,-522
-540,-563
680,17
564,-107
-458,-763
732,82
556,153
8,-713
734,-49
648,11
-11,-722
734,-101
-96,-700
-626,-529
541,45
-676,-776
-459,-662
-688,-510
681,-83
-502,-757
657,144
-565,-625
-573,-542
-25,-721
-100,-701
662,6
-629,-676
131,-631
-455,-547
-546,-712
-707,-716
-567,-735
-501,-536
-458,-560
-36,-612
150,-674
563,24
-327,-586
-599,-635
-520,-713
-523,-621
747,-57
83,-788
-456,-568
620,139
105,-665
-513,-729
623,-39
-434,-744
558,148
631,65
726,137
-557,-651
-587,-525
-490,-600
555,64
602,162
-81,-759
-341,-756
51,-716
611,148
60,-779
-424,-551
-392,-753
-105,-612
-678,-716
-482,-626
-303,-532
79,-574
-713,-599
-497,-601
-313,-682
-663,-657
547,165
23,-593
-713,-755
-573,-542
642,-107
-575,-758
753,133
549,148
45,-575
-476,-760
46,-675
-355,-563
-501,-776
-594,-611
-567,-697
-443,-568
-709,-661
-79,-572
-416,-627
-459,-625
-710,-590
-539,-776
-468,-517
763,42
-115,-737
-8,-732
699,155
-507,-585
-733,-518
108,-616
-34,-584
562,79
-548,-588
-120,-554
-304,-596
673,-87
-435,-795
582,32
-429,-708
-418,-550
-685,-691
-78,-640
134,-646
-316,-785
-408,-751
-347,-637
-731,-729
602,126
-672,-666
-328,-789
-70,-701
-536,-811
6,-607
-24,-794
711,-15
612,148
-477,-598
-663,-741
-605,-531
-107,-541
-379,-541
784,111
689,-111
-541,-705
-561,-553
-586,-639
761,-106
150,-773
-484,-611
-361,-654
-520,-526
750,-55
137,-545
743,-31
-380,-721
732,89
-702,-681
704,136
-578,-666
77,-741
-559,-614
-707,-549
6,-809
-422,-557
549,-23
-66,-630
-599,-761
627,-19
688,12
103,-695
-40,-788
566,-60
-416,-543
534,-21
-685,-750
-25,-604
-653,-574
-491,-610
793,121
767,-95
-521,-704
-561,-762
-299,-551
-379,-573
-699,-762
553,73
126,-604
762,124
620,-42
-382,-591
636,134
21,-697
772,-103
-335,-715
-31,-625
-37,-605
105,-745
22,-627
552,24
751,165
700,41
664,78
133,-697
-469,-725
673,89
-488,-586
650,47
-473,-523
-691,-712
-392,-620
87,-696
663,97
561,86
-421,-604
-651,-524
-664,-747
-517,-525
-307,-784
-497,-691
-406,-586
-13,-596
-455,-510
-465,-769
-533,-660
764,108
780,158
621,32
-658,-716
696,108
105,-635
-371,-702
-59,-605
-379,-725
56,-720
-558,-574
149,-670
537,106
-43,-573
-328,-711
-621,-642
-523,-650
49,-588
783,-13
614,27
-16,-654
-613,-650
-520,-652
-56,-679
-476,-567
715,166
-573,-564
754,62
-314,-675
123,-691
-336,-673
671,43
-425,-764
-721,-741
138,-680
-563,-593
-539,-778
693,147
740,45
-712,-743
-120,-593
-574,-709
79,-657
-339,-794
-638,-591
-682,-654
-521,-564
-724,-508
115,-811
-498,-751
-423,-783
-9,-631
-670,-726
-123,-810
-68,-809
630,-104
-488,-752
-518,-547
-509,-763
559,-14
765,-65
-548,-615
-77,-813
-516,-535
781,-90
782,-92
-526,-668
85,-695
-420,-698
-557,-686
630,146
707,-61
-12,-722
-618,-776
-603,-602
-693,-689
-576,-790
21,-696
-528,-645
529,29
139,-667
718,-29
126,-538
-2,-542
607,-25
689,122
610,90
-18,-654
-337,-687
-351,-789
-57,-633
-392,-730
-547,-592
-667,-551
547,107
-458,-617
-304,-762
-656,-620
-81,-772
-721,-747
-490,-697
642,-14
788,-51
-532,-763
-514,-552
615,-22
-421,-640
775,38
138,-553
685,3
3,-646
793,68
-569,-782
805,-92
-554,-664
-341,-666
607,151
-520,-539
-366,-540
-654,-651
-16,-776
-116,-634
-359,-712
-466,-783
-3,-613
594,64
596,-109
725,74
-523,-756
48,-709
-491,-806
-104,-691
-442,-794
25,-649
-63,-683
-372,-677
-41,-777
-492,-686
24,-627
731,168
91,-808
-634,-664
562,-28
-64,-572
-57,-646
-543,-506
594,95
-483,-602
605,125
-485,-663
-46,-694
751,16
-487,-543
-457,-548
106,-539
703,30
46,-799
568,41
658,-108
-110,-704
-556,-655
-339,-579
-397,-721
50,-544
667,25
136,-690
-486,-613
759,72
-52,-753
763,-35
-57,-610
-592,-747
-463,-795
575,27
-705,-522
113,-637
-675,-558
-641,-615
-496,-626
561,35
-445,-557
-733,-758
-623,-548
637,125
766,72
39,-757
537,27
-122,-543
791,81
710,115
-120,-736
728,141
688,107
804,-58
641,-81
656,153
-697,-538
60,-678
-456,-771
131,-657
-501,-795
-485,-620
129,-554
-526,-637
-542,-598
26,-591
91,-596
527,-76
-552,-672
-117,-654
-586,-727
92,-789
-550,-585
-448,-786
-49,-561
-372,-676
-633,-692
-84,-734
-91,-580
647,-3
-442,-797
-504,-684
-636,-554
-120,-575
-12,-763
-421,-793
-494,-666
47,-594
744,90
-516,-652
775,31
-656,-776
-538,-511
690,109
-378,-678
14,-597
-27,-622
-521,-603
-673,-750
-463,-690
-489,-609
5,-694
525,144
-42,-813
-379,-769
-610,-658
669,15
-336,-635
-502,-764
786,-50
-464,-651
-463,-553
712,66
791,115
118,-816
-113,-561
148,-774
533,-112
-586,-633
-426,-554
57,-806
135,-648
664,124
-503,-746
701,-48
-43,-556
-40,-677
588,54
-523,-681
526,-83
551,-99
37,-798
-43,-554
-501,-633
-467,-642
-419,-645
694,17
-488,-603
692,-48
644,96
690,-41
3,-655
-2,-708
621,82
-84,-719
66,-766
-32,-690
-385,-803
-461,-567
51,-690
-314,-658
738,44
693,36
-371,-739
-512,-553
-424,-722
-602,-704
-443,-534
-1,-541
-459,-778
-305,-776
-414,-689
-571,-671
-728,-612
619,-8
-469,-671
-704,-553
527,-1
-519,-622
-309,-793
-329,-674
-50,-686
108,-715
-442,-637
-726,-571
-595,-695
-564,-732
-419,-750
753,-59
-532,-597
-505,-801
130,-669
649,118
-575,-740
85,-688
-48,-760
-512,-693
14,-631
790,-47
-494,-654
-469,-763
-108,-668
-109,-585
-533,-732
-441,-589
723,59
724,-58
18,-809
784,86
6,-589
-454,-801
16,-810
-80,-612
-512,-646
-468,-639
793,154
-586,-747
-32,-609
19,-799
-111,-778
112,-587
29,-770
-324,-791
-13,-699
-356,-618
587,39
86,-789
-697,-646
-430,-629
21,-574
615,149
-552,-658
535,27
-446,-688
-548,-731
766,-86
716,109
-87,-705
-300,-748
-303,-573
593,-33
-312,-620
-407,-686
-578,-781
598,-56
-526,-541
-537,-676
-457,-774
-670,-648
-492,-759
-68,-656
-45,-571
799,28
-444,-804
-520,-810
-304,-685
714,111
625,102
-393,-719
55,-581
-518,-519
-393,-787
-326,-804
-460,-724
19,-578
-684,-653
13,-636
-470,-696
800,-94
-594,-757
791,3
585,-97
-490,-794
-599,-570
-652,-781
-543,-639
-720,-731
-83,-668
608,-88
76,-733
-633,-589
791,88
-568,-746
-483,-656
-514,-696
-378,-665
-704,-552
-499,-709
656,166
526,-102
-645,-561
-506,-689
660,-75
107,-603
-684,-713
-724,-663
610,-65
573,19
-363,-578
-5,-723
-698,-730
-678,-508
-58,-668
-328,-792
111,-693
660,-64
-47,-739
-493,-670
124,-617
-533,-709
-520,-525
-660,-604
-434,-621
145,-817
-325,-808
-541,-625
-414,-666
153,-747
90,-539
-592,-529
654,145
-371,-603
131,-767
764,-19
-446,-797
729,-7
119,-680
-656,-585
-121,-582
139,-680
-544,-617
-465,-541
-457,-702
791,-75
122,-809
46,-661
-455,-593
-486,-757
-510,-692
-451,-644
614,5
-654,-690
-102,-715
101,-598
-660,-627
-386,-642
692,-49
-485,-749
-700,-607
23,-699
-478,-626
-571,-557
-470,-636
-614,-639
-402,-809
-599,-517
-523,-651
-459,-676
-120,-631
780,127
-494,-686
-529,-692
14,-600
582,75
-108,-586
-730,-579
-469,-747
-506,-655
28,-659
66,-730
-56,-802
-581,-507
-46,-637
542,94
-649,-563
-519,-589
-114,-727
-567,-638
-532,-675
-728,-517
-499,-766
-654,-772
62,-573
-530,-632
-523,-780
-492,-779
-628,-516
-39,-606
632,80
765,-70
-460,-720
-384,-717
556,-41
581,-39
-542,-547
-585,-738
606,-79
148,-684
-21,-791
-558,-761
-50,-592
-503,-578
105,-782
138,-708
781,84
623,-104
620,-52
655,-83
-613,-751
-574,-638
-703,-517
23,-793
758,133
583,106
714,-40
653,-72
-376,-628
-614,-660
717,-71
598,162
92,-610
111,-809
-331,-677
697,158
115,-767
-109,-655
-505,-805
764,58
-334,-687
-73,-644
-409,-731
110,-746
-532,-790
-457,-583
-463,-653
7,-679
790,63
717,86
-594,-716
-491,-590
758,-25
-56,-786
773,-74
-324,-729
-559,-559
-51,-770
672,162
-528,-586
-478,-801
620,108
-398,-580
604,73
-313,-548
-466,-808
-464,-674
-440,-559
-486,-639
-338,-801
729,123
-336,-809
-549,-694
-549,-594
-553,-590
-450,-781
37,-760
-534,-549
-506,-771
-627,-708
-524,-541
-510,-617
-514,-609
-367,-669
-549,-705
630,-11
-731,-554
610,-30
-514,-759
561,75
740,72
-572,-577
-47,-778
18,-675
-323,-664
-551,-740
-428,-624
36,-658
-458,-580
-378,-721
-481,-739
-393,-536
80,-621
-417,-733
696,1
9,-563
92,-765
549,-97
-626,-738
-633,-540
49,-784
67,-659
-339,-755
3,-655
-120,-748
-33,-649
-45,-556
-80,-651
-470,-574
-578,-507
-691,-689
-71,-553
-519,-784
554,-62
138,-643
-432,-679
664,-43
601,112
-389,-746
-676,-602
-305,-683
-703,-560
-370,-809
725,-29
-503,-703
-457,-720
717,103
83,-728
-564,-585
562,-108
-725,-592
621,2
-639,-515
-429,-715
652,44
-531,-579
-701,-574
612,64
-571,-634
-31,-725
40,-804
-677,-748
-66,-804
615,106
526,-10
-710,-585
17,-618
-504,-673
772,-22
-500,-587
572,130
-564,-625
-709,-732
634,-63
-547,-615
-554,-758
-688,-652
-605,-565
773,93
-108,-779
785,126
675,7
-530,-802
688,-76
-360,-624
-459,-525
-76,-778
777,67
20,-563
-649,-637
-543,-567
-514,-562
738,16
-362,-792
626,52
-63,-791
-341,-649
4,-552
-579,-536
662,61
664,-87
-413,-653
624,33
7,-659
-499,-754
585,159
539,-65
376,552
-691,-652
-541,-699
576,127
-487,-676
-334,-778
781,-98
567,128
-95,-552
-62,-587
-523,-613
27,-690
122,-809
-507,-569
-587,-546
-454,-586
630,-77
-508,-751
-485,-669
-482,-679
132,-802
-650,-523
-684,-766
-415,-749
781,-67
-57,-767
539,-54
-392,-617
-473,-522
805,-90
-686,-715
-571,-515
-731,-764
45,-812
-621,-546
-505,-663
-397,-722
693,123
-621,-563
-5,-641
-15,-662
554,22
-453,-683
112,-570
-553,-621
-651,-694
-676,-734
-467,-691
538,-80
-585,-521
-336,-691
-560,-552
-415,-667
-506,-730
-316,-632
660,-102
-495,-586
-634,-584
-89,-751
-325,-594
115,-783
-506,-762
54,-725
-67,-788
717,87
-439,-764
526,-31
-556,-672
609,90
549,9
663,109
-46,-558
-313,-558
38,-657
704,35
58,-540
-93,-807
-730,-622
709,32
553,-98
-106,-670
-383,-560
-40,-623
-376,-807
-356,-587
-424,-717
-728,-621
711,-58
129,-620
-707,-615
108,-781
-550,-671
-431,-595
-594,-582
569,-32
36,-804
-394,-686
538,-51
740,129
-53,-655
-410,-793
-525,-543
622,70
550,103
-654,-507
-25,-548
-408,-565
-390,-690
153,-586
797,52
-556,-617
-483,-600
-399,-643
-540,-689
16,-649
-373,-640
721,-24
-565,-744
724,71
122,-765
-85,-699
748,-74
-646,-730
-429,-753
73,-740
-593,-666
-473,-658
-415,-727
-666,-670
-664,-558
33,-676
605,62
614,-60
792,-66
-493,-743
90,-716
-548,-691
-526,-759
-461,-573
111,-644
-709,-728
-404,-690
-556,-674
-483,-664
-523,-638
1,-564
641,-110
-40,-645
567,40
739,-60
-505,-765
716,-18
741,87
-496,-648
-342,-660
575,-50
-496,-758
562,-51
720,17
-422,-622
-729,-724
-588,-754
-605,-689
-552,-739
-705,-766
537,-1
123,-582
-554,-635
-438,-792
-641,-627
657,163
-493,-672
-561,-622
698,64
-526,-686
-539,-511
-47,-537
-101,-543
-533,-625
-507,-697
578,-55
600,-102
-373,-796
-531,-742
-497,-613
-564,-712
-720,-564
-565,-532
-594,-575
-476,-776
-662,-600
-583,-527
-386,-781
687,166
736,99
-314,-796
-51,-604
-371,-551
-407,-600
31,-761
-302,-622
-496,-583
-470,-636
704,24
575,433
-611,-736
-7,-583
-515,-681
-486,-654
568,-56
779,-82
-472,-607
-546,-745
805,39
-646,-606
74,-638
-522,-667
-366,-778
-547,-542
540,85
-372,-633
-549,-656
-532,-584
-445,-579
-425,-788
-600,-671
-460,-666
-585,-666
761,44
725,148
-476,-743
759,5
-464,-646
-458,-545
21,-621
605,84
575,-84
100,-599
769,-63
136,-780
591,105
-124,-556
595,23
58,-789
-477,-587
710,95
-708,-608
568,616
746,-63
-494,-750
-649,-646
681,149
-117,-775
-451,-590
-298,-535
-675,-597
804,125
-524,-571
641,65
-614,-584
-651,-594
617,155
-655,-718
685,-112
-338,-641
-443,-666
66,-646
-121,-803
-72,-757
630,-31
-473,-616
-425,-582
-486,-716
-527,-688
-682,-530
616,-3
-480,-774
625,98
634,147
-462,-550
-384,-577
145,-608
103,-592
-551,-632
793,-81
-543,-581
105,-688
558,168
-651,-634
772,92
-541,-630
-589,-624
-453,-531
-461,-619
-512,-547
-677,-756
-81,-807
-658,-682
-499,-531
-480,-756
-327,-681
584,119
532,54
-560,-588
-383,-671
107,-813
-20,-772
-348,-649
575,86
-61,-654
725,-37
-553,-717
-81,-690
104,-548
-413,-799
637,-8
729,-35
78,-649
-336,-629
95,-659
542,129
571,-43
-616,-563
134,-771
-385,-806
-516,-793
87,-614
-571,-644
784,157
739,-45
532,77
-16,-804
-396,-673
-456,-622
666,163
712,145
-77,-666
-609,-627
95,-539
-508,-677
-650,-702
-80,-813
-53,-703
-357,-722
-626,-604
-14,-804
-21,-712
592,-95
-363,-542
-108,-677
-437,-783
103,-538
-514,-677
92,-614
639,109
-600,-669
-564,-644
140,-674
-84,-779
796,34
-469,-623
764,152
-310,-728
653,168
-635,-605
-720,-584
792,142
-678,-754
790,-56
528,143
-489,-552
-533,-651
-439,-809
-472,-673
670,-106
-727,-755
147,-592
630,128
-468,662
-110,-643
544,23
-495,-683
76,-599
71,-691
-703,-524
605,76
649,157
71,-742
-537,-687
60,-622
-593,-620
-426,-765
-534,-780
-573,-537
-331,-731
-544,-747
-70,-735
-89,-573
676,-69
610,-17
12,-634
598,157
792,43
-652,-707
27,-803
749,121
-98,-709
555,-109
-359,-684
116,-600
-336,-718
-606,-769
-537,-673
-663,-746
-344,-790
-553,-577
-531,-620
-703,-625
-650,-621
666,57
-14,-769
118,-752
756,137
-356,-623
590,-61
721,-94
-508,-649
-437,-575
541,68
121,-677
-657,-573
745,42
-661,-517
602,-20
-110,-572
-13,-733
-78,-627
674,151
-549,-530
-529,-752
6,-782
-459,-609
-729,-699
-559,-666
798,-75
136,-760
-694,-631
706,-50
724,122
-408,-797
755,-109
141,-618
-640,-517
-509,-555
-370,-614
-719,-524
-549,-623
564,-20
665,36
-469,-547
135,-539
-537,-702
-383,-559
110,-649
-510,-706
-429,-707
-522,-737
-508,-809
-635,-592
-521,-612
67,-628
-5,-689
689,74
120,-707
-106,-810
-84,-568
-76,-789
14,-604
-483,-701
148,-698
-680,-765
-8,-611
98,-647
60,-770
54,-786
46,-593
-476,-584
-388,-777
662,-62
56,-788
-701,-711
-678,-563
733,42
118,-664
-72,-687
615,5
-7,-690
66,-792
583,42
-39,-750
-535,-742
-623,-615
21,-600
-514,-604
605,83
-116,-657
-714,-642
-663,-709
741,-89
-345,-594
743,30
-355,-598
673,58
626,-7
-478,-741
74,-747
28,-590
-43,-656
-5,-597
-641,-661
-654,-521
-601,-672
-633,-712
-728,-621
40,-574
139,-788
141,-695
19,-604
587,118
-560,-546
-470,-787
61,-597
-8,-788
-40,-677
125,-781
-474,-551
532,-86
-471,-781
-573,-740
-343,-571
-510,-538
604,-26
-501,-697
88,-643
-10,-752
756,-35
-630,-619
-601,-673
658,22
-503,-618
-557,-546
-603,-766
-111,-800
742,-61
49,-725
-643,-559
707,120
-548,-621
-459,-555
-353,-665
112,-586
697,-66
93,-797
-119,-684
734,42
-561,-541
-723,-574
-680,-553
773,59
709,152
749,21
-522,-632
52,-670
-593,-605
-507,-669
-672,-581
-116,-777
-460,-800
755,17
-560,-512
84,-697
-536,-808
-463,-579
-325,-760
-35,-707
-559,-718
-556,-781
673,78
67,-657
775,-61
-359,-647
-567,-734
-503,-542
742,-97
-533,-653
-678,-662
586,-52
-518,-781
-695,-711
644,133
-518,-683
-671,-636
-731,-612
-563,-589
-427,-642
-659,-746
-381,-591
-571,-593
730,-1
61,-716
573,29
586,142
-98,-647
-474,-539
747,71
731,-53
-365,-765
-515,-623
-656,-778
602,146
636,-48
-436,-628
-640,-751
9,-543
712,25
641,-109
-636,-653
-420,-556
133,-685
-455,-788
-549,-765
-66,-688
619,-666
-342,-615
-379,-684
684,-68
547,43
708,92
631,132
590,-19
-108,-627
527,49
-414,-719
-50,-685
-559,-636
-486,-748
-30,-592
-455,-622
-496,-785
-511,-544
-334,-641
611,-21
-550,-779
601,-93
58,-793
771,53
-378,-550
-468,-700
-557,-800
128,-762
85,-718
-519,-730
-318,-719
608,37
-605,-573
-481,-726
-499,-659
-401,-700
747,131
80,-785
-673,-672
-23,-564
126,-684
697,-74
-399,-671
610,118
620,84
-582,-529
781,158
-331,-739
-578,-511
107,-659
644,21
803,73
766,0
-666,-732
-552,-782
-343,-757
-700,-729
10,-670
565,154
-301,-572
777,144
-496,-745
-468,-669
-559,-678
67,-578
-558,-730
-436,-546
-526,-669
103,-699
-412,-773
87,-765
-474,-654
-507,-628
-303,-669
589,-19
45,-543
-527,-524
129,-599
-489,-717
128,-538
-663,-726
-723,-553
-562,-652
-509,-576
4,-807
-613,-628
-120,-566
778,7
-505,-786
-563,-568
-362,-615
-327,-783
90,-725
100,-678
-108,-729
-674,-764
151,-616
31,-641
-467,-808
-496,-710
-453,-656
-536,-697
-362,-655
149,-563
-614,-526
-651,-754
-370,-569
-501,-552
-323,-563
-84,-796
787,-15
-102,-801
-484,-730
-337,-759
758,53
-333,-708
-527,-608
-508,-686
-475,-804
736,-69
-686,-737
608,10
-606,-718
-486,-595
-320,-687
625,4
-333,-617
-582,305
-730,-550
-576,-550
-471,-680
76,-540
-73,-786
584,3
582,-28
-324,-683
-527,-662
-373,-766
87,-641
-378,-607
-425,-723
-378,-580
-541,-792
-535,-603
1,-702
-543,-786
131,-579
778,-98
-544,-650
-33,-740
-419,-796
-518,-787
-94,-601
-523,-561
583,-33
150,-707
753,117
-118,-766
-631,-729
69,-571
74,-681
568,99
739,148
-614,-549
-541,-641
589,-102
-727,-730
27,-667
582,112
-438,-633
-109,-629
-644,-618
679,-7
-60,-799
706,147
-442,-618
-704,-553
-663,-530
-554,-521
775,-102
-353,-743
137,-711
795,147
-534,-805
-712,-728
-491,-804
-512,-662
627,108
-428,-722
-371,-751
602,-94
-619,-590
142,-783
-301,-798
638,-35
644,88
-92,-810
616,62
-497,-717
-559,-595
-45,-550
-483,-619
103,-563
-700,-702
-325,-697
-464,-768
148,-558
115,-578
645,-37
59,-735
-6,-668
-392,-561
-298,-797
-601,-696
-490,-589
-632,-750
114,-724
-8,-718
-498,-572
-96,-586
607,-66
-586,-725
-308,-537
-415,-679
-482,-657
-573,-590
-431,-569
-421,-567
778,-24
630,163
-636,-766
-703,-763
783,-58
-522,-534
-410,-785
-564,-781
715,-64
-530,-676
-6,-636
-674,-626
-101,-624
-606,-639
51,-668
-574,-554
529,-16
538,-79
63,-542
-355,-682
-392,-780
-538,-547
85,-736
729,-105
-622,-754
-457,-544
-359,-640
638,144
792,15
-48,-753
-303,-584
71,-562
713,-43
-462,-593
-456,-711
39,-638
-701,-665
725,91
-425,-599
32,-626
-346,-744
-501,-729
95,-703
535,110
-43,-581
-514,-631
75,-542
-469,-804
-495,-746
627,-65
56,-629
-119,-647
758,90
80,-606
22,-612
566,71
723,-4
-547,-620
-410,-766
545,146
755,116
-719,-548
-467,-594
663,117
-733,-746
-330,-578
-636,-658
-542,-749
40,-731
556,-73
687,93
-613,-779
-309,-654
-562,-707
-459,-541
-693,-755
805,-89
670,11
-664,-767
-112,-736
-523,-701
771,97
-24,-676
706,-35
527,16
-299,-556
-659,-703
674,168
-86,-808
-298,-793
137,-542
18,-709
-367,-725
-536,-731
-563,-664
133,-566
686,-59
-501,-623
-494,-538
96,-769
-643,-526
156,-594
43,-730
-695,-566
-632,-656
-526,-588
-652,-590
7,-554
-477,-621
214,-23
-487,-780
84,-772
731,80
-561,-735
93,-763
-419,-568
-526,-639
-467,-656
-61,-693
134,-581
-30,-542
633,24
-307,-630
800,101
790,-70
-356,-741
-505,-636
717,60
-72,-769
682,-87
79,-730
-442,-690
765,-56
10,-644
685,1
-667,-667
713,-14
577,14
727,-37
71,-696
-66,-566
149,-605
-394,-680
-712,-601
-572,-743
-411,-709
-325,-610
-569,-673
-495,-564
-418,-767
-101,-727
-330,-662
-27,-548
31,-771
567,65
-113,-636
-27,-731
760,142
69,-804
137,-784
-118,-801
-501,-519
87,-767
-520,-535
794,54
-657,-521
-394,-753
140,-624
-425,-811
-495,-731
-408,-590
-53,-598
600,158
-390,-560
558,-38
-683,-598
787,81
-663,-704
149,-657
-507,-674
761,4
-681,-701
-609,-595
784,-62
-368,-535
669,-7
-453,-605
-731,-643
746,82
711,26
82,-551
-719,-711
-320,-543
-310,-647
-421,-675
-593,-619
-690,-613
-481,-645
18,-718
739,61
595,157
800,111
601,131
-699,-541
-733,-510
-451,-726
-83,-785
614,-24
-451,-585
736,146
-460,-649
750,-36
-544,-782
541,161
-18,-575
-316,-673
59,-690
-344,-589
605,119
-733,-522
153,-689
135,-793
105,-768
-651,-651
-566,-709
738,124
-346,-589
111,-577
119,-651
-14,-701
-56,-647
-678,-580
-339,-720
722,-47
-728,-569
-696,-641
-710,-743
-440,-591
786,69
-420,-800
-722,-737
33,-569
-605,-650
-119,-786
666,-95
-656,-676
-396,-728
-312,-758
804,40
-496,-658
-658,-779
721,9
-533,-646
745,129
99,-716
-561,-733
733,23
-704,-773
-654,-660
793,79
74,-572
612,-34
34,-709
-410,-538
-106,-680
-720,-583
595,138
-561,-684
542,-3
-486,-807
-309,-718
-308,-652
-70,-675
-486,-614
-728,-593
-15,-740
44,-603
-667,-666
-667,-566
-574,-620
723,61
-475,-786
-48,-743
133,-769
-621,-580
39,-637
-548,-647
-552,-769
50,-748
-721,-530
-365,-798
17,-633
53,-715
-684,-574
-2,-762
30,-704
-585,-731
535,-36
-432,-789
-502,-695
-549,-652
152,-555
-111,-812
-398,-540
-567,-625
721,168
-87,-737
731,21
-450,-756
36,-656
593,14
782,25
-516,-566
-85,-554
619,-74
-602,-530
-313,-622
-516,-654
-467,-774
-699,-684
-416,-585
609,62
-524,-755
802,34
59,-714
-493,-771
-530,-675
540,108
55,-617
-459,-759
-618,-594
-518,-542
-622,-658
696,104
692,26
-300,-647
711,8
-572,-608
-706,-669
-598,-551
115,-557
686,155
-62,-729
-433,-741
-532,-722
-497,-674
684,-20
-546,-755
647,-57
-612,-546
-381,-572
590,93
-441,-656
-688,-696
-555,-758
773,138
59,-622
-548,-647
-8,-731
-370,-635
-523,-723
713,-28
-538,-569
-516,-586
702,-33
-497,-564
579,106
-505,-684
-557,-630
-476,-810
-558,-605
-457,-627
-464,-671
578,114
744,18
715,-13
-18,-693
742,64
-552,-596
712,89
749,22
-693,-610
-317,-701
-315,-791
-641,-783
563,142
-503,-642
-501,-668
49,-635
-372,-590
-650,-608
-707,-691
-521,-541
-100,-743
-523,-666
-712,-730
-476,-679
-702,-680
-465,-553
14,-563
-2,-662
-455,-662
-66,-560
-570,-770
-686,-634
796,52
-514,-682
537,-111
-386,-670
526,142
-118,-581
801,77
-494,-786
640,-61
-5,-638
-549,-605
70,-816
-501,-529
559,17
87,-716
-11,-548
-374,-693
-41,-702
-109,-725
-453,-533
-89,-806
-343,-760
-697,-742
755,-30
-106,-751
-526,-538
-476,-742
75,-638
788,70
-476,-608
745,-81
684,161
587,-16
-661,-608
134,-566
-601,-613
25,-699
1,-786
683,25
641,65
-559,-770
-588,-683
139,-746
-518,-539
-429,-712
-594,-585
-598,-733
-599,-541
-525,-783
-703,-725
-466,-579
57,-698
-518,-571
560,83
-345,-596
-78,-754
-63,-755
94,-780
-357,-709
101,-651
-472,-593
-9,-595
531,20
588,130
737,81
-587,-576
-412,-604
-390,-723
769,-97
-575,-570
-416,-536
-114,-612
-136,-110
-460,-656
-530,-769
-663,-655
539,109
673,99
-50,-759
616,37
-720,-593
-562,-702
-722,-726
-558,-724
-477,-715
-605,-742
-345,-573
544,42
124,-584
-124,-657
-576,-778
-538,-670
-315,-596
-482,-780
-650,-695
-14,-591
-514,-702
-545,-761
121,-788
679,115
-463,-527
17,-704
-557,-634
761,56
621,18
16,-621
31,-717
622,-35
722,5
-559,-772
776,110
-408,-769
590,121
-421,-620
126,-659
544,71
690,-78
6,-543
-368,-633
-579,-691
-356,-549
46,-636
-313,-541
94,-812
-366,-584
-571,-773
721,142
-510,-513
25,-676
125,-658
547,-53
117,-642
606,139
-308,-681
140,-636
581,66
1,-751
-37,-545
677,0
8,-592
-727,-678
144,-550
-3,-789
-444,-766
-676,-544
-333,-776
546,100
5,-706
729,-41
-487,-583
-652,-686
-489,-685
-91,-565
-555,-616
-658,-680
-545,-651
-71,-781
-45,-650
-389,-675
-495,-627
-67,-630
-557,-527
-542,-713
548,-93
-536,-779
35,-679
-374,-693
-447,-696
-63,-758
-423,-659
-561,-770
617,151
-687,-782
-564,-675
-11,-755
-547,-671
21,-698
-90,-617
39,-701
19,-743
654,-12
-103,-680
594,-21
-499,-774
21,-724
41,-628
-93,-623
-72,-674
573,104
76,-773
540,149
-444,-559
139,-752
-521,-698
-487,-754
-5,-563
706,-91
-309,-776
620,63
-356,-648
-561,-809
-448,-776
-610,-523
-485,-571
-96,-775
728,-50
-496,-514
44,-686
-90,-562
636,-46
-672,-614
-475,-759
69,-615
636,-79
-493,-775
141,-753
20,-756
-458,-743
-483,-625
-710,-753
-38,-591
54,-559
563,141
-444,-624
-554,-774
783,157
-500,-735
763,-88
49,-576
-298,-591
-356,-643
-61,-603
-425,-663
-365,-761
-574,-601
-522,-777
-682,-682
-484,-609
-528,-633
-385,-718
-4,-772
-584,-553
-473,-688
561,134
-544,-765
582,124
-23,-733
618,-108
-642,-551
84,-726
631,60
652,-41
-604,-554
-314,-654
740,141
775,-65
-408,-636
56,-751
-496,-606
-524,-535
-507,-757
640,28
649,-47
80,-805
-326,-698
-98,-674
-445,-547
10,-675
-486,-535
30,-675
644,-30
740,-52
-561,-525
-523,-682
566,3
-534,-529
678,23
706,34
-342,-594
-560,-754
688,-102
626,-57
96,-583
784,139
-700,-677
-465,-767
770,-39
-349,-765
-508,-590
-664,-746
-66,-808
-453,-707
805,32
-686,-643
623,-15
-307,-602
-581,-569
-314,-571
-604,-646
-561,-685
-96,-552
-306,-726
-309,-587
660,164
603,-38
730,44
-473,-693
750,-31
-72,-549
16,-749
-629,-519
-54,-650
738,-41
672,-110
652,-55
-558,-670
5,-704
108,-763
-720,-653
-302,-733
-94,-650
-58,-702
738,118
-104,-770
-501,-602
156,-715
-457,-544
68,-700
540,72
-28,-781
-554,-743
639,-47
-732,-658
-32,-773
799,106
-614,-613
-88,-544
-486,-666
112,-658
792,-14
-80,-751
-99,-813
-717,-727
125,-639
722,148
728,136
-570,-550
13,-803
80,-796
531,22
-512,-610
-462,-715
-531,-611
105,-645
584,-42
730,76
124,-779
-542,-637
-298,-664
-456,-735
-413,-732
-471,-562
93,-544
-300,-644
73,-593
-698,-747
771,-21
-711,-577
74,-626
-384,-570
-537,-650
798,105
-553,-583
578,119
525,69
-460,-621
-512,-647
-457,-600
-82,-658
32,-680
676,43
-521,-598
53,-648
-505,-697
16,-591
-53,-660
-673,-575
4,-613
794,-93
-39,-639
-609,-610
679,107
-81,-554
88,-813
-452,-779
627,132
-506,-735
-476,-677
652,-19
694,-46
142,-781
29,-588
-554,-771
-456,-561
-106,-578
-336,-676
-544,-715
-35,-560
-506,-718
-50,-693
-338,-660
13,-702
-588,-723
-64,-776
-558,-685
712,91
-597,-723
653,102
527,-76
-382,-715
-342,-690
24,-737
-452,-681
-496,-631
-727,-754
24,-672
15,-720
678,94
-574,-725
-464,-634
-438,-776
-25,-572
751,52
-473,-658
-546,-541
-686,-636
-460,-676
-400,-613
-636,-712
691,92
-367,-568
708,86
93,-674
-108,-719
775,74
675,164
141,-578
-563,-776
-582,-530
-69,-803
603,70
562,64
-6,-678
-565,-780
-598,-517
131,-698
146,-782
660,51
-562,-561
539,-26
-723,-599
-733,-729
718,-30
146,-585
-119,-645
-682,-545
-667,-646
592,-12
-420,-557
-586,-752
560,25
-491,-768
701,-58
-687,-784
-733,-720
44,-597
761,-102
-100,-608
779,-28
579,38
606,97
-515,-542
-568,-642
35,-549
703,23
546,76
-693,-602
-686,-568
-328,-635
31,-667
-14,-801
-326,-660
-361,-789
99,-636
777,117
-462,-594
-62,-643
-640,-631
-486,-748
-410,-712
652,161
-724,-739
-34,-697
-572,-724
-25,-757
-604,-636
543,128
54,-581
-65,-678
709,105
-574,-615
97,-630
735,-40
24,-684
-608,-698
-466,-764
-362,-642
-629,-607
-601,-702
-499,-686
-579,-532
780,77
-624,-654
718,162
-563,-654
-457,-715
-20,-737
-312,-755
-537,-614
-465,-595
-417,-567
-301,-570
68,-553
73,-757
-429,-657
-95,-730
-319,-801
74,-553
-115,-586
-557,-521
546,-45
556,53
787,69
96,-599
676,131
-552,-581
666,119
644,-13
715,132
-419,-755
-78,-568
-496,-689
687,-110
-535,-625
584,141
-53,-657
-620,-663
-53,-548
-633,-671
81,-574
754,-27
-518,-658
93,-712
-465,-575
57,-756
580,44
-579,-663
-481,-728
675,144
-573,-760
554,2
-414,-737
544,46
-503,-655
-113,-695
722,164
-474,-729
587,102
550,-43
-365,-645
799,29
-692,-612
-354,-713
14,-622
736,-52
32,-660
-67,-658
773,-54
735,42
-713,-688
67,-667
-656,-684
120,-614
-514,-560
-33,-729
689,13
-81,-546
-6,-625
-436,-609
103,-741
-490,-698
-581,-586
-563,-544
-625,-625
-462,-619
-487,-632
-566,-567
717,28
49,-603
150,-595
-456,-672
-622,-600
-518,-557
-582,-749
-519,-742
-626,-718
-77,-682
-303,-544
-339,-663
712,-8
-367,-631
749,115
-346,-652
-384,-692
-306,-803
37,-687
-578,-600
732,120
119,-714
133,-641
659,-65
-732,-779
-658,-756
-488,-794
-65,-817
149,-736
-478,-579
-533,-516
-627,-560
-702,-636
547,-13
-383,-711
-554,-789
622,73
-420,-578
-404,-548
-556,-519
-472,-697
577,-32
-654,-554
794,14
657,-91
4,-732
-609,-530
-570,-791
-547,-783
64,-620
-530,-709
-562,-573
133,-735
535,-97
-689,-729
-516,-561
-549,-730
-301,-705
707,-31
531,-24
-45,-555
-11,-752
129,-574
581,2
-488,-624
-6,-759
-555,-694
-703,-564
-392,-705
-302,-543
717,121
774,41
-404,-636
-653,-548
529,-51
550,114
-91,-788
-511,-736
91,-751
597,-33
-590,-703
661,-112
65,-630
725,-77
562,-61
692,167
-622,-619
-572,-536
-478,-507
-651,-746
-559,-697
-364,-741
-591,-729
-104,-662
17,-612
20,-815
-453,-752
-106,-562
-41,-582
-466,-757
-517,-716
-593,-650
-718,-584
709,-15
-560,-536
538,88
-10,-555
619,-9
644,110
33,-546
-612,-620
126,-563
-408,-678
556,107
43,-667
126,-714
124,-799
-521,-665
-527,-522
-496,-676
-31,-599
-539,-566
130,-634
-385,-759
734,126
636,-46
-408,-746
-348,-737
727,155
66,-691
-514,-665
785,158
-455,-601
537,-79
548,29
56,-768
151,-707
-662,-678
-29,-581
-572,-762
-106,-675
-472,-770
628,150
-561,-730
103,-793
-460,-755
-622,-735
571,163
-732,-622
-569,-536
620,-96
-44,-698
585,-84
-578,-772
-513,-631
-653,-646
789,141
765,-24
740,13
563,45
802,155
-592,-752
75,-544
759,24
-307,-557
38,-580
746,38
758,-61
-317,-806
-310,-574
-96,-689
-657,-771
-378,-602
545,-6
-376,-789
-563,-675
-301,-743
721,-95
-546,-688
-574,-762
-515,-693
540,6
800,148
532,-42
693,119
527,104
87,-639
65,-586
-688,-664
-549,-672
555,-66
134,-739
-408,-782
-425,-552
-507,-593
561,57
29,-736
-727,-769
-423,-544
-554,-602
29,-766
670,12
637,-14
-564,-555
-556,-723
105,-797
702,80
802,-49
22,-589
-595,-755
-489,-697
-323,-700
-25,-709
-106,-731
-316,-731
3,-816
-511,-567
-57,-546
43,-708
-731,-522
-473,-565
777,78
546,-54
-464,-632
-411,-700
-556,-603
-662,-563
-674,-696
17,-788
597,137
-117,-772
570,19
32,-689
-591,-637
527,147
38,-542
73,-753
-80,-720
-510,-675
50,-781
16,-702
-23,-601
736,-56
-110,-648
-71,-702
585,73
-360,-645
-553,-518
-88,-596
-429,-740
-692,-733
-371,-560
689,137
621,-102
-482,-576
-547,-774
568,121
25,-602
643,163
-56,-567
-508,-526
624,-83
790,98
-407,-722
-729,-574
-593,-751
-337,-696
-470,-673
-2,-633
552,125
-613,-628
-710,-668
777,27
-531,-783
-524,-752
31,-693
-444,-710
-106,-708
-628,-631
-576,-722
-433,-660
793,135
-452,-612
-339,-761
-511,-540
-572,-693
147,-643
551,28
135,-611
-53,-764
112,-774
-9,-748
20,-715
-675,-623
569,14
739,40
-448,-596
529,47
-465,-706
711,84
122,-622
1,-701
791,125
-75,-756
-670,-539
-471,-531
773,150
127,-564
-312,-547
-722,-538
-460,-563
-551,-653
670,1
-330,-804
-375,-794
-597,-678
-318,-582
-471,-550
-512,-611
145,-766
-86,-568
-560,-678
-495,-725
114,-559
-352,-785
15,-734
-6,-595
-439,-808
783,-10
-98,-729
95,-597
-707,-718
-444,-542
-487,-676
42,-660
76,-733
642,-24
-630,-565
571,122
-459,-608
-488,-697
605,116
-460,-605
716,69
800,-72
-544,-608
-410,-558
769,44
-693,-532
527,87
-515,-622
-503,-546
-650,-631
744,22
153,-615
665,-3
787,-52
-541,-562
559,14
549,122
-713,-722
-462,-526
-637,-701
-482,-770
-599,-572
60,-539
-482,-756
24,-617
688,79
-392,-581
-526,-756
526,98
791,-51
-517,-663
-570,-753
545,-41
631,110
696,158
-520,-795
-327,-733
-373,-796
51,-644
-48,-664
-669,-507
-598,-595
-549,-725
-40,-768
50,-773
-398,-707
733,60
5,-598
54,-817
-53,-816
674,103
-471,-570
-589,-606
-46,-607
552,-94
-497,-752
-518,-516
-472,-657
656,150
754,70
-74,-723
-305,-787
643,158
-637,-743
-54,-626
-659,-566
-597,-767
-520,-700
525,73
-468,-687
-457,-764
-538,-566
-485,-654
-658,-736
647,-58
533,28
554,160
798,47
-561,-560
592,6
28,-692
-61,-624
629,-65
-566,-627
536,18
-423,-615
718,56
-55,-685
-589,-649
5,-649
662,-70
-326,-551
562,88
-610,-737
-489,-577
534,31
67,-662
-566,-806
737,118
-570,-708
620,66
618,26
-638,-613
128,-738
578,167
538,5
713,56
535,63
566,-103
781,157
120,-774
-503,-614
-710,-759
-109,-613
685,113
-423,-668
-366,-763
-643,-704
567,125
-530,-618
631,75
648,-86
593,124
-508,-647
660,68
-709,-637
747,116
58,-608
-308,-600
693,49
617,115
-39,-630
791,-105
-720,-683
-33,-545
-68,-547
-544,-663
41,-611
-543,-710
596,-471
-460,-633
89,-804
-107,-799
136,-568
-499,-613
-469,-513
122,-559
-554,-755
-575,-683
-551,-548
126,-633
-52,-580
23,-742
623,-95
61,-539
-471,-585
707,42
-498,-787
136,-659
-21,-811
-688,-759
-360,-730
-346,-801
-316,-778
-590,-650
-571,-759
-307,-701
52,-594
-87,-688
-517,-679
561,112
-513,-553
781,108
526,35
-96,-727
-472,-802
-72,-619
-306,-616
-691,-724
75,-551
677,-80
-522,-570
716,-104
-325,-589
-342,-580
137,-815
-476,-568
586,121
-693,-565
-560,-595
763,-80
675,52
-542,-585
-124,-801
754,1
-477,-506
694,-14
805,85
569,29
-509,-525
-709,-520
144,-727
-419,-551
87,-617
-334,-742
791,62
106,-602
802,147
39,-728
-674,-736
-325,-563
-359,-737
614,42
-414,-651
-93,-669
738,42
764,49
101,-772
660,-69
-20,-538
564,-71
-641,-705
106,-550
642,97
679,-44
570,-18
-86,-782
793,36
-515,-592
-599,-513
66,-545
-608,-577
-528,-523
612,91
8,-731
-594,-512
-421,-779
-67,-763
-524,-751
702,-21
-652,-590
535,41
-476,-787
705,-111
638,11
-563,-719
-115,-703
703,138
1,-539
-346,-767
799,75
40,-617
-474,-547
-17,-668
14,-613
-582,-681
145,-660
-576,-660
122,-569
691,10
600,134
683,-61
-664,-673
50,-649
0,-654
-305,-712
-527,-537
-528,-539
-628,-665
-564,-575
-520,-506
26,-799
-499,-669
798,143
-512,-579
654,-35
642,154
-99,-644
620,135
-502,-649
71,-548
-504,-772
-63,-592
-537,-599
-376,-570
-97,-767
-626,-600
134,-754
22,-616
45,-567
580,-18
-526,-578
-494,-568
-461,-700
-350,-780
802,-24
625,45
122,-580
-517,-560
-655,-540
103,-554
-503,-766
722,-29
81,-700
-641,-541
112,-801
-522,-591
-104,-731
-481,-642
-388,-565
-685,-594
-357,-724
705,164
-459,-681
-565,-633
-20,-642
567,61
-698,-535
-470,-609
-494,-767
-694,-534
-699,-745
565,57
-606,-542
-352,-704
-5,-767
-513,-808
-473,-737
-505,-732
-441,-553
-458,-583
622,-76
-420,-663
-727,-694
-469,-596
153,-643
-583,-523
-475,-638
41,-793
699,-99
20,-683
574,44
780,-20
-486,-576
-454,-661
548,72
-572,-598
-85,-753
620,19
550,48
-341,-688
138,-811
700,101
-653,-691
-481,-696
-470,-689
-667,-675
-121,-815
-75,-765
-481,-658
-458,-755
-516,-725
-319,-787
-33,-663
528,22
54,-588
-486,-732
-513,-532
-496,-597
-328,-664
-29,-657
-427,-763
691,-69
-467,-606
-322,-782
-338,-606
32,-694
-65,-707
-570,-564
-423,-714
-468,-774
664,-76
-479,-750
-17,-702
-636,-615
-18,-600
38,-623
-545,-730
-68,-703
5,-777
-690,-734
-499,-669
-494,-607
-55,-538
-676,-509
-340,-703
-508,-726
-62,-746
-71,-615
-552,-562
679,-11
-110,-567
-550,-544
-508,-566
709,90
627,-56
-31,-811
-118,-559
542,-84
87,-656
530,96
79,-727
766,-24
-560,-740
734,157
97,-620
-528,-544
-36,-622
590,5
-610,-664
-598,-671
-628,-699
-22,-620
-523,-705
-351,-734
125,-607
-531,-663
-726,-704
-110,-774
-465,-763
-653,-763
777,136
120,-748
83,-804
-479,-730
-570,-775
-507,-780
654,-42
-614,-589
-353,-580
-451,-604
-319,-620
-66,-554
803,92
-30,-744
-497,-798
-340,-604
-452,-757
585,10
-545,-611
-422,-597
-547,-732
-409,-662
-454,-621
-337,-688
-589,-658
-372,-748
-705,-760
-454,-728
-107,-684
664,134
-583,-710
-475,-595
-497,-759
-76,-663
94,-614
-619,-677
-301,-553
-553,-783
555,-67
81,-692
-579,-783
-478,-740
-524,-611
746,119
579,-61
-543,-772
569,58
615,-92
85,-786
598,64
-547,-520
-613,-563
576,57
-333,-744
792,-32
783,47
-366,-793
116,-549
39,-697
697,24
-601,-679
-54,-687
637,92
-459,-703
-562,-567
-694,-725
-428,-758
-468,-729
724,-93
-558,-736
-652,-591
-692,-713
-527,-565
98,-631
614,-72
-92,-572
-590,-516
742,163
-420,-598
-464,-700
633,-91
-550,-603
766,20
-475,-530
531,40
722,-98
139,-611
-688,-672
-549,-716
-511,-761
-389,-636
-570,-671
-85,-653
-460,-538
-532,-518
-327,-738
-575,-628
-628,-769
-670,-773
547,127
672,30
-485,-559
-473,-658
606,-60
788,70
-489,-742
746,-5
549,167
658,30
-557,-630
-664,-718
-496,-636
592,67
89,-669
-12,-660
-103,-601
672,112
758,31
-453,-707
-327,-671
555,-55
-71,-612
-463,-800
-71,-643
-386,-538
-608,-590
-682,-695
-512,-639
-575,-642
39,-789
693,141
-629,-587
91,-573
81,-660
637,72
69,-700
-686,-663
703,44
-424,-591
-496,-721
95,-817
-439,-608
-323,-664
-541,-535
529,135
-404,-599
16,-739
-661,-568
64,-545
55,-709
-507,-599
-26,-573
7,-731
128,-705
-331,-777
-311,-649
55,-555
-507,-737
706,102
-573,-736
735,84
-545,-621
766,161
47,-603
-694,-752
-672,-622
-440,-756
-561,-805
-645,-517
-498,-711
-300,-798
-511,-642
-56,-696
-472,-521
-37,-726
-637,-688
546,168
-410,-811
-541,-539
598,142
-106,-789
-66,-698
-411,-700
753,66
-571,-620
-429,-582
-667,-546
147,-537
-591,-551
-61,-797
-641,-717
-611,-711
-522,-774
759,-13
-688,-588
-478,-719
803,47
621,18
59,-747
21,-564
628,-71
-664,-566
-122,-646
775,64
737,63
-460,-780
155,-581
-459,-694
-730,-534
-299,-547
-702,-775
-530,-645
-572,-779
672,97
-381,-538
-532,-616
645,-107
699,-43
-721,-619
-522,-779
580,124
-698,-533
-714,-623
-621,-694
-538,-785
657,32
-513,-611
-636,-751
-60,-591
95,-715
-653,-754
-455,-773
-341,-568
-568,-591
-689,-579
-714,-573
-728,-774
156,-633
612,-33
540,-5
-441,-739
-609,-557
-80,-592
154,-682
634,-20
2,-666
-34,-587
-675,-738
564,121
-673,-582
-77,-655
112,-673
-450,-670
142,-771
-72,-609
-464,-628
-687,-690
-37,-610
-462,-572
747,-43
579,-107
145,-657
540,115
623,42
139,-678
651,45
-406,-787
650,112
-120,-708
-490,-664
602,10
697,59
787,3
619,38
-379,-779
43,-768
-465,-735
627,-48
-710,-608
-505,-692
799,-91
793,109
14,-623
553,-51
-698,-698
-598,-671
17,-563
-423,-800
-98,-616
-344,-776
-559,-638
64,-634
10,-613
-51,-686
143,-622
-592,-786
-466,-744
663,-90
94,-734
-407,-606
-96,-598
127,-636
-656,-562
-44,-694
-424,-638
-531,-541
-471,-696
626,161
-509,-587
-576,-667
-443,-551
151,-728
-490,-646
-8,-755
-322,-700
-515,-596
552,112
-307,-770
138,-605
-512,-748
639,-17
112,-796
-534,-662
-562,-783
601,104
600,115
540,140
-628,-757
-58,-739
-357,-541
-568,-652
798,121
-318,-653
-108,-569
-317,-616
763,-57
66,-801
-368,-557
-341,-802
-576,-744
634,91
-505,-689
-305,-595
734,161
-570,-769
759,-69
-395,-591
703,-78
-402,-540
548,23
580,164
-543,-605
-14,-685
637,125
-500,-696
710,6
-502,-565
612,159
81,-646
561,-73
-514,-726
-516,-645
143,-741
124,-667
-509,-539
-83,-673
-488,-584
588,-91
-308,-648
527,-89
-518,-759
149,-754
-504,-606
78,-624
14,-715
41,-628
542,-88
608,-73
792,58
707,6
733,-87
-701,-731
-498,-542
738,113
-61,-801
-409,-716
-86,-715
-65,-556
-81,-706
0,-670
-12,-803
84,-618
65,-753
-103,-630
-543,-646
738,143
618,129
-505,-714
553,92
632,158
-440,-634
24,-602
-470,-774
-534,-708
-474,-713
667,77
18,-754
-28,-787
-433,-614
-633,-550
666,47
-308,-757
-414,-702
-492,-811
-490,-708
752,92
-33,-793
-729,-749
35,-810
32,-796
-721,-754
-669,-698
553,35
-523,-530
751,135
-621,-570
-48,-646
115,-654
134,-774
-518,-620
-723,-663
3,-790
36,-698
572,-23
-336,-545
784,92
798,-27
-648,-780
-70,-748
-500,-765
-97,-670
624,-9
-500,-808
-446,-579
-475,-642
622,-34
576,143
-402,-698
-483,-579
-567,-679
-391,-592
-608,-670
-645,-566
38,-768
-595,-654
67,-736
34,-705
-458,-593
-714,-525
749,94
-481,-722
-695,-685
-382,-771
-85,-672
18,-762
699,-41
-572,-738
-615,-509
-400,-677
-332,-692
70,-553
-621,-557
-23,-663
-499,-645
-544,-789
-466,-635
-617,-595
712,71
-96,-794
-559,-631
-35,-657
-480,134
108,-561
-106,-704
-716,-607
-469,-690
559,-3
-343,-781
-683,-775
-569,-556
-508,-542
132,-591
86,-693
-450,-600
-606,-681
-486,-700
789,164
143,-783
146,-562
-45,-569
-344,-548
710,153
-67,-804
-399,-643
74,-569
551,-52
-517,-757
-480,-653
-464,-692
738,29
-690,-557
-545,-594
-567,-693
-571,-728
-314,-801
-680,-654
715,99
735,-37
-512,-558
-561,-598
-331,-709
-522,-619
730,-49
73,-637
572,-71
-620,-702
647,120
-472,-709
617,160
-647,-752
705,38
-659,-512
-371,-653
52,-619
733,138
-346,-537
-94,-782
-547,-776
-331,-622
-404,-666
-651,-721
66,-573
-387,-654
-563,-718
-443,-764
-7,-624
717,-102
-556,-632
-524,-703
-500,-675
97,-753
-548,-714
527,2
584,70
-490,-607
-572,-637
792,3
617,59
-543,-679
732,73
606,147
759,-63
-29,-695
-546,-640
-119,-675
-433,-739
712,-70
-533,-527
-536,-749
48,-602
628,-30
-375,-623
-560,-683
623,59
15,-613
555,-269
135,-690
749,113
-301,-658
-466,-650
-730,-569
-120,-626
146,-809
-30,-647
-606,-594
-560,-572
711,34
758,-101
-34,-700
-603,-603
570,11
114,-690
709,149
9,-600
-601,-576
-706,-600
-535,-741
-390,-775
531,4
612,18
-377,-807
-478,-662
-619,-543
-637,-714
99,-719
-512,-574
-29,-762
22,-807
-635,-642
-593,-608
731,-57
531,-15
-47,-572
795,165
83,-547
95,-577
607,164
698,127
109,-611
-52,-649
797,-12
91,-539
143,-791
-395,-732
-553,-736
686,31
-476,-702
31,-724
-487,-506
-551,-580
-385,-808
-533,-705
-116,-805
148,-669
68,-787
660,-99
69,-727
670,-78
682,-52
-83,-799
-460,-706
698,42
595,-103
589,11
606,136
-95,-633
610,-91
-730,-633
-114,-591
-516,-715
-91,-795
-574,-750
545,-29
-420,-594
-22,-762
-644,-576
-320,-595
778,126
671,-58
617,-84
-541,-567
-450,-641
-392,-679
588,147
14,-592
590,3
791,49
526,6
-95,-638
-24,-537
-528,-699
-481,-572
-119,-629
-623,-722
550,120
-506,-713
51,-715
-520,-767
-461,-681
-316,-660
707,32
-523,-760
-619,-569
-493,-709
112,-697
-589,-532
-625,-544
-708,-514
-650,-574
40,-622
-24,-764
634,53
-493,-625
-377,-683
-53,-668
632,6
-537,-507
582,-101
-71,-680
138,-741
125,-781
-518,-756
-500,-801
-654,-766
-99,-778
749,-38
-506,-724
-329,-667
-686,-559
541,112
-581,-771
-113,-653
114,-758
-586,-776
-699,-673
119,-677
782,102
-474,-703
-582,-563
781,-89
-685,-714
20,-745
146,-603
795,47
-409,-663
623,140
-568,-565
103,-677
785,168
-493,-725
-508,-533
82,-806
-216,51
-348,-575
770,-81
701,89
-470,-765
-548,-658
-533,-599
-666,-579
-515,-525
-626,-608
-11,-594
-388,-761
-609,-773
25,-756
-458,-595
-591,-608
-567,-601
-362,-565
-6,-571
-402,-643
105,-672
-654,-758
531,-78
-494,-515
-540,-548
-464,-545
-472,-811
-421,-652
-319,-616
-558,-532
-52,-756
-658,-743
-549,-717
-490,-767
765,20
-427,-746
62,-636
-472,-637
85,-808
-476,-584
-556,-535
734,-83
-370,-723
584,-44
800,112
-408,-658
-107,-627
-561,-617
-433,-703
-110,-745
-535,-674
739,-24
-547,-709
2,-728
-387,-558
-526,-786
-503,-765
41,-741
-470,-640
663,0
-670,-599
-581,-779
787,144
-439,-666
-503,-652
582,117
-676,-612
-563,-624
-427,-638
-591,-576
65,-638
802,55
82,-598
-495,-644
-665,-656
-499,-671
553,156
-710,-780
535,-102
144,-640
745,-86
-375,-754
-463,-687
-550,-711
-515,-571
112,-617
-365,-595
135,-688
603,89
-312,-777
759,160
-58,-726
743,-76
-501,-631
712,38
-590,-652
-539,-733
609,82
-725,-762
-645,-714
-505,-588
-510,-686
-570,-527
-376,-807
-516,-585
739,-77
-362,-771
592,143
-618,-517
-358,-737
-654,-512
651,-32
566,-31
-553,-755
752,119
-62,-537
97,-758
138,-787
95,-806
-472,-545
-416,-785
757,-104
-523,-639
-64,-709
111,-607
-480,-613
728,-27
-414,-805
-600,-508
544,96
675,-33
-545,-576
-472,-767
19,-558
130,-742
-659,-772
85,-656
801,-6
-675,-743
-549,-779
-484,-695
-462,-581
-668,-565
-532,-513
-423,-551
80,-590
0,-774
724,-2
-514,-570
714,-78
-399,-542
561,61
565,-19
-110,-745
-564,-545
-521,-535
-572,-780
588,-14
-400,-668
-18,-797
-524,-578
-657,-781
542,-52
-538,-558
-362,-628
-470,-596
-487,-710
135,-745
644,95
46,-748
44,-549
-662,-724
-347,-764
627,63
719,-59
100,-670
-109,-647
-15,-623
620,74
-554,-516
95,-552
-723,-765
634,-23
-550,-536
-410,-650
-397,-649
101,-816
-412,-576
566,40
-731,-672
-691,-546
-387,-757
121,-668
95,-611
-28,-647
-644,-589
573,111
-117,-618
-557,-557
-676,-717
-337,-581
7,-750
-22,-602
-680,-705
-364,-711
-507,-728
-518,-723
-462,-706
-362,-551
-503,-751
130,-592
-111,-807
148,-633
147,-775
-366,-616
730,59
-113,-557
608,53
-359,-776
-408,-776
68,-585
150,-742
-57,-672
-675,-698
-489,-554
-112,-674
-310,-717
33,-802
-680,-692
-327,-636
579,-30
-697,-710
115,-741
-345,-803
-455,-649
-559,-614
-529,-613
662,48
-371,-688
792,-22
-416,-662
-708,-731
-477,-745
107,-746
635,113
-302,-793
-415,-623
-568,-791
59,-554
41,-685
-57,-654
117,-548
613,-45
553,-92
59,-729
15,-548
-520,-656
-400,-682
-455,-706
-516,-772
-641,-571
782,-74
711,-103
-541,-769
43,-744
-28,-664
-509,-796
641,35
25,-720
52,-659
144,-809
-467,-640
-548,-623
-356,-545
675,78
655,-47
743,-1
-20,-777
-435,-632
564,56
-549,-672
-479,-703
-369,-552
-599,-730
675,84
-538,-684
-384,-548
528,33
-420,-802
-660,-644
-364,-786
-313,-625
21,-775
-624,-749
-559,-749
-488,-664
-28,-681
-508,-749
631,-77
-11,-765
-324,-773
-373,-677
-299,-737
-661,-719
133,-740
-489,-559
-728,-515
-24,-686
566,-44
-338,-798
135,-691
-593,-649
538,-3
-23,-659
720,37
-312,-698
-457,-605
588,59
-342,-757
531,16
527,33
744,12
-568,-577
-299,-612
-563,-666
-457,-667
-438,-768
-464,-681
-306,-616
787,111
29,-684
-95,-773
-434,-796
-436,-630
-715,-544
-550,-747
-640,-769
-377,-568
-317,-810
-510,-776
546,-41
-703,-599
646,56
-656,-706
-29,-783
562,69
-571,-559
-392,-649
803,134
-550,-577
-543,-617
-380,-599
-57,-685
608,72
752,-48
-518,-562
75,-752
529,24
-86,-804
-646,-577
712,-86
-99,-650
-533,-650
526,95
-455,-639
135,-548
574,-19
-538,-742
-510,-675
-576,-750
614,-19
-73,-598
-352,-811
-413,-781
707,37
114,-755
-344,-694
130,-606
-362,-595
0,-776
-417,-649
654,-47
672,-44
-678,-786
-471,-719
-619,-555
-469,-609
-323,-764
-23,-684
-362,-596
-654,-507
-359,-546
782,-85
749,-5
-434,-791
-369,-672
-96,-691
586,-43
-602,-562
-11,-739
72,-543
-483,-571
-511,-745
-605,-612
-716,-522
-503,-677
-342,-630
720,132
-724,-564
-416,-673
-472,-603
-558,-620
-498,-637
-317,-671
-506,-568
-522,-510
-19,-669
-528,-744
-535,-617
-569,-802
114,-764
-633,-510
-653,-722
-719,-562
-730,-545
-585,-705
1,-598
730,168
607,-64
-508,-659
8,-743
106,-570
535,95
53,-789
-90,-788
38,-805
-483,-667
-525,-776
-564,-768
-350,-695
-512,-704
154,-797
765,-5
-491,-746
-118,-636
650,21
-317,-632
792,71
-657,-666
657,103
-472,-577
55,-703
95,-560
-537,-770
649,114
-107,-562
-319,-537
145,-712
121,-747
-542,-739
-500,-753
581,-93
541,92
-628,-619
738,2
-309,-714
618,-105
154,-715
104,-547
-720,-741
-52,-702
-533,-581
-524,-652
-527,-725
-370,-768
-514,-534
-584,-625
-549,-794
680,83
-496,-612
764,-102
-584,-507
-559,-771
-466,-581
-106,-762
-711,-673
610,11
19,-584
-1,-674
-634,-521
-558,-732
65,-713
637,27
102,-541
-688,-527
-595,-584
-445,-692
-339,-585
-462,-730
107,-567
-445,-648
81,-644
-423,-625
-676,-506
-344,-610
-728,-515
774,125
54,-620
549,-71
-45,-582
727,-57
-502,-763
728,-4
146,-794
-610,-605
-61,-547
727,89
-565,-561
62,-698
593,-19
595,-57
-617,-650
-702,-563
-561,-698
-664,-526
47,-587
-557,-637
37,-701
-306,-577
-407,-772
22,-769
580,-90
-316,-729
-684,-666
-502,-811
-88,-612
-660,-625
-577,-623
-306,-732
59,-606
-679,-580
-25,-621
70,-752
-436,-763
-32,-671
28,-801
-707,-776
-49,-648
-712,-611
615,42
-522,-636
-527,-761
-547,-706
638,-41
-333,-689
-52,-627
578,-32
-109,-815
658,41
-713,-774
-9,-649
17,-797
722,120
-89,-644
-534,-627
798,-14
-323,-675
-74,-645
-600,-516
-29,-544
-59,-793
-339,-533
-720,-556
-558,-779
604,-91
-56,-568
-547,-531
-536,-548
646,-25
122,-777
-720,-741
-684,-671
-661,78
-18,-779
-478,-560
55,-588
-379,-598
-461,-626
-36,-721
526,72
-507,-684
-13,-584
-514,-539
587,-71
-470,-732
-539,-747
-11,-765
-454,-805
563,-87
578,143
-675,-604
-539,-689
726,17
609,-69
-692,-542
-1,-612
707,62
525,-109
110,-686
-666,-715
-108,-774
-464,-639
-69,-721
-679,-687
555,143
-550,-657
-460,-547
-103,-560
624,61
-348,-676
-634,-664
671,-387
-412,-793
81,-717
-496,-538
-49,-723
109,-816
127,-814
-49,-621
-446,-763
732,50
-414,-770
-707,-765
689,3
-107,-678
752,-74
39,-613
573,154
-645,-732
528,-30
-526,-557
-21,-572
-311,-684
114,-661
-94,-587
-643,-582
706,126
-78,-750
-529,-745
584,-4
-504,-571
139,-787
-23,-573
-2,-686
-731,-551
4,-589
-301,-784
-107,-677
770,-41
663,27
-501,-718
-692,-695
-315,-608
-37,-553
-79,-589
-42,-683
-371,-626
-673,-718
-590,-605
551,142
-507,-592
-470,-576
-601,-685
570,143
-515,-665
-40,-655
774,30
528,-71
-455,-744
-484,-681
78,-692
66,-720
-643,-740
779,-75
-586,-670
746,-31
736,28
743,146
-325,-705
-347,-804
-360,-770
-78,-747
8,-633
55,-675
-88,-633
587,-74
-566,-686
-521,-669
556,-107
56,-573
-626,-551
654,-98
738,-57
629,125
-652,-700
-451,-793
-105,-723
-497,-554
80,-609
527,4
-406,-605
767,-20
-576,-541
-353,-557
-16,-665
-481,-516
-175,146
-361,-772
-531,-721
-400,-569
801,51
689,-9
787,-30
-111,-712
-608,-758
-562,-759
-526,-607
805,146
-478,-785
-669,-599
-683,-560
148,-656
544,-27
619,6
549,-1
618,140
585,131
-84,-814
-114,-646
-429,-712
-731,-667
-725,-617
-368,-550
-80,-605
632,77
631,74
-334,-703
-402,-811
-402,-672
660,54
-492,-724
-520,-664
62,-783
-513,-662
647,116
-709,-688
-566,-587
531,154
-316,-548
-527,-709
25,-642
713,103
-692,-584
-299,-632
58,-765
-403,-779
-80,-739
106,-780
-652,-716
528,165
-405,-697
589,-7
-535,-543
-306,-599
640,41
101,-621
48,-758
-547,-529
-611,-530
-550,-729
-573,-641
-531,-780
-494,-582
532,107
-712,-669
-393,-602
11,-770
525,87
95,-588
604,104
-681,-771
-478,-547
760,83
-635,-594
-20,-703
-10,-606
-333,-757
-558,-539
-525,-771
-457,-697
757,68
-404,-531
-527,-783
-641,-513
639,-75
42,-629
525,150
-538,-528
-54,-665
-407,-708
579,59
670,36
-87,-593
592,10
-686,-690
-467,-765
32,-547
-12,-559
-612,-747
-506,-735
800,147
727,-100
-26,-746
665,72
-75,-570
613,134
-703,-537
695,24
-662,-750
-386,-712
60,-696
-349,-624
-487,-635
-383,-664
-326,-751
540,106
-731,-682
579,-14
-397,-559
-699,-566
598,54
624,10
-122,-579
-505,-646
-483,-732
-560,-737
-78,-589
-509,-758
-328,-627
36,-697
-552,-619
-457,-660
701,139
-9,-803
98,-680
-503,-665
-586,-635
774,0
738,-92
747,-48
-518,-585
719,71
-537,-676
778,85
-664,-783
-684,-778
-570,-636
-514,-559
-9,-638
-16,-790
151,-631
-334,-797
759,-5
-548,-571
-305,-551
-571,-597
541,11
49,-577
137,-547
-609,-574
-9,-589
152,-542
-307,-710
-495,-720
-575,-731
739,165
-3,-794
-404,-590
-603,-773
151,-802
-506,-745
-530,-719
-383,-627
756,-23
-51,-760
667,-45
-494,-808
616,141
151,-546
-458,-700
-14,-595
-549,-658
634,126
610,95
686,9
696,156
-574,-780
-481,-685
-444,-648
-509,-681
529,-6
-591,-577
788,-101
687,117
-496,-767
-557,-771
-96,-567
-347,-791
-622,-589
747,12
-508,-755
542,32
-381,-588
-392,-786
-667,-632
-325,-556
91,-732
767,57
153,-591
-35,-745
94,-651
582,50
123,-650
-124,-772
59,-683
-29,-744
-486,-669
-474,-759
-498,-700
-453,-584
-393,-684
63,-648
17,-631
-381,-805
789,-35
668,-23
11,-622
-644,-630
-557,-594
720,-77
56,-560
727,106
801,22
779,13
18,-802
-575,-790
153,-817
149,-716
-320,-801
805,24
741,-33
65,-695
-75,-570
-369,-709
740,95
-390,-811
-309,-550
49,-545
-485,-606
-521,-786
-45,-765
65,-774
-639,-643
-331,-733
-304,-730
-594,-742
-579,-533
651,-107
-551,-576
713,157
-634,-735
-316,-597
783,117
782,-63
-635,-698
-331,-707
69,-575
648,-77
-113,-630
-337,-685
-531,-626
-490,-718
-466,-537
-57,-645
-357,-699
-71,-678
-662,-563
-437,-710
-725,-726
572,-27
585,-90
-124,-732
-332,-708
-396,-624
-570,-699
-546,-566
142,-812
-569,-739
-550,-645
-695,-722
-539,-733
-539,-607
-503,-616
712,-98
600,-104
-316,-637
668,-83
72,-721
-452,-733
-427,-720
-671,-785
-676,-785
576,-77
-408,-767
563,110
544,48
56,-815
-122,-617
-401,-721
-478,-510
-612,-777
72,-686
-36,-570
-539,-612
740,58
640,148
670,-37
-551,-564
-526,-527
-683,-529
-664,-577
-559,-506
-528,-653
111,-684
-718,-583
662,138
-48,-593
-655,-637
-634,-661
-399,-747
-571,-642
-625,-660
147,-698
106,-672
527,159
805,115
-63,-811
714,11
17,-811
-429,-719
-432,-683
96,-623
-514,-668
-325,-541
783,141
-490,-681
582,-22
-572,-804
777,39
-491,-670
66,-613
-694,-720
-526,-630
-533,-562
-301,-612
-646,-776
552,57
777,-70
762,3
-474,-690
-348,-564
-621,-780
554,17
-447,-806
-453,-607
91,-553
628,33
-119,-752
94,-597
-547,-594
-531,-707
-639,-581
707,103
-588,-778
-100,-786
799,142
119,-763
15,-806
-51,-779
651,11
102,-805
-67,-556
704,-26
-569,-574
-328,-573
16,-716
-4,-584
-668,-724
-568,-765
650,2
781,64
-412,-805
657,78
67,-795
-536,-766
-543,-755
577,99
-629,-665
57,-760
-95,-672
787,92
-568,-575
-636,-552
543,-38
-420,-626
-482,-610
113,-675
603,124
54,-566
-378,-535
-573,-517
-549,-648
-562,-544
-351,-662
-625,-697
595,-78
23,-810
674,147
-104,-713
138,-706
-420,-622
-518,-570
-569,-561
-393,-742
-694,-647
-500,-528
32,-701
733,155
-663,-578
-488,-690
579,-73
-314,-617
731,135
679,65
54,-571
-727,-754
-25,-708
-339,-532
565,4
526,127
670,-25
765,81
-102,-771
-74,-621
-314,-540
143,-650
91,-697
-664,-722
-566,-768
618,-26
10,-677
-668,-755
19,-721
91,-762
-556,-533
-452,-603
628,154
-299,-635
771,38
84,-701
-437,-771
-442,-742
-475,-561
-721,-550
-306,-749
-346,-772
-684,-784
96,-640
769,-21
-25,-633
-540,-569
561,-77
-39,-573
-29,-674
-553,-740
-56,-637
-590,-568
19,-631
-565,-574
610,62
146,-812
35,-782
-300,-777
-391,-611
-533,-595
-70,-546
619,118
709,165
-674,-683
-93,-613
150,-558
-393,-540
-477,-786
-491,-549
-409,-605
-456,-751
-508,-555
-610,-591
634,-84
-466,-625
-676,-508
117,-573
-565,-788
-600,-519
101,-794
717,111
17,-701
-341,-531
-57,-751
-513,-791
-560,-777
612,-13
585,118
770,129
-713,-760
-599,-715
-567,-780
-509,-763
-565,-764
543,21
126,-647
-57,-694
-688,-517
718,-105
690,68
-46,-557
36,-561
717,0
-658,-775
542,-39
651,126
708,86
140,-560
542,153
-487,-536
-694,-617
-466,-657
112,-801
-427,-744
-529,-565
-639,-614
-86,-546
-709,-781
-586,-760
-18,-774
-517,-774
-531,-739
-642,-607
-689,-600
-639,-611
-524,-642
-686,-722
-604,-644
776,0
-39,-770
-23,-757
-495,-619
540,2
-372,-711
-498,-738
-528,-581
-474,-700
95,-739
-514,-646
-519,-804
133,-754
-530,-576
-508,-670
-103,-775
717,-83
-76,-709
-422,-770
703,115
-19,-649
-568,-744
102,-740
-503,-674
621,3
764,166
-44,-777
773,12
-74,-562
-518,-605
77,-539
573,-75
-481,-508
-664,-768
-531,-627
668,-3
-464,-565
79,-544
51,-645
-504,-648
-373,-731
613,-50
-430,-602
-635,-680
-398,-728
-548,-654
-545,-617
563,156
-696,-731
778,-108
-428,-697
152,-761
-416,-767
572,129
-387,-711
74,-605
-696,-763
-374,-796
-507,-704
794,-76
670,87
566,112
-618,-593
-485,-514
-11,-711
665,160
-89,-609
-607,-648
716,-59
-18,-802
-720,-773
739,-39
553,-77
-24,-747
748,-33
699,-57
527,141
-521,-573
-498,-583
-91,-738
699,-83
112,-559
-357,-637
-453,-693
608,-82
532,106
627,-40
-556,-660
-504,-767
39,-778
678,-87
-521,-665
-31,-701
756,-4
-120,-563
120,-574
805,147
-548,-714
594,1
32,-787
625,-34
36,-730
-100,-752
-533,-744
-517,-618
126,-720
629,78
-337,-546
756,-12
669,-44
654,101
533,-24
-562,-724
538,94
536,131
64,-802
-610,-554
-567,-695
-23,-722
-111,-716
549,109
-537,-629
684,-34
-20,-798
562,28
-665,-537
665,-11
-698,-619
-22,-622
-379,-630
-486,-700
802,45
569,-52
131,-619
773,-71
673,30
-466,-678
53,-554
760,-79
-670,-601
-467,-656
148,-690
611,114
-75,-599
-326,-761
-539,-737
-119,-588
-344,-696
566,104
-479,-550
-725,-644
-673,-687
-315,-552
-493,-648
-446,-691
83,-576
-633,-694
-39,-784
-641,-628
-487,-672
-2,-690
784,165
604,168
-349,-595
535,-107
-570,-748
-353,-683
-529,-616
-535,-783
-652,-771
559,165
-421,-697
-552,-710
-528,-538
693,26
-10,-642
-563,-627
537,139
754,91
-730,-749
-487,-634
127,-565
-17,-546
-469,-687
49,-766
-456,-742
579,-105
-303,-705
-463,-539
-429,-554
141,-715
-545,-597
632,2
605,28
-566,-707
526,-12
794,-58
75,-744
-483,-745
754,138
-494,-762
-335,-685
-647,-671
-345,-570
636,-71
-51,-815
-630,-558
-623,-655
-623,-781
-483,-616
67,-720
-95,-639
-647,-677
-368,-598
631,166
555,144
-440,-736
-603,-602
620,119
-94,-717
-479,-555
121,-623
-694,-728
637,131
-349,-654
-558,-564
84,-789
621,111
-323,-753
-450,-589
791,-16
-500,-560
540,30
62,-605
-432,-654
-619,-525
72,-589
733,-111
-723,-751
-302,-552
55,-608
-545,-632
51,-698
-703,-592
-18,-661
119,-810
55,-798
152,-763
740,71
0,-778
-11,-643
-340,-612
-577,-741
71,-802
-521,-779
-524,-641
-76,-624
153,-574
770,-81
707,99
-120,-550
-56,-702
-498,-604
-454,-775
132,-736
-577,-737
23,-622
8,-626
-605,-556
-395,-610
531,-89
-541,-763
-453,-763
87,-678
686,-31
-304,-606
116,-677
-116,-537
-9,-703
-22,-700
-477,-581
-321,-544
-421,-553
560,-91
556,164
761,141
-300,-713
-51,-802
610,-38
-487,-709
-469,-735
-581,-720
-499,-719
-577,-671
-366,-573
-694,-586
-733,-545
-689,-637
-483,-579
641,-62
-670,-545
-459,-788
-478,-643
-380,-797
80,-556
-457,-714
-541,-582
736,-90
63,-789
768,80
-124,-730
-386,-595
-487,-762
804,56
48,-784
-351,-764
-100,-680
-470,-783
-547,-694
-354,-619
-504,-555
-367,-703
-479,-677
-514,-644
602,90
-50,-546
675,34
-730,-533
-575,-664
-458,-758
-426,-594
120,-752
584,108
-565,-731
-401,-717
10,-561
-557,-653
-64,-700
-1,-615
-700,-687
-3,-620
87,-538
13,-618
-441,-578
-34,-760
547,51
-393,-780
-24,-729
633,132
540,-5
-718,-673
-456,-513
-372,-782
694,108
-493,-766
786,-2
-521,-612
-508,-639
-78,-803
-455,-709
-483,-711
-551,-657
-338,-581
-74,-764
-600,-751
678,-98
-455,-582
-404,-594
-301,-536
-725,-538
-681,-522
-684,-769
-687,-531
530,4
138,-813
115,-609
587,127
-339,-756
93,-541
-563,-577
714,140
770,65
597,153
-574,-739
-68,-805
-79,-645
-486,-754
-645,-747
-601,-738
-473,-785
-103,-674
-482,-732
-343,-768
-462,-631
580,135
670,113
-525,-643
-580,-738
-535,-583
-544,-704
-565,-570
-687,-588
-1,-770
-543,-776
525,66
-383,-660
782,65
139,-634
743,-111
63,-675
-628,-573
733,116
109,-563
-352,-723
659,-95
643,-76
-461,-606
31,-553
602,65
-476,-674
138,-801
-115,-694
-504,-727
-41,-658
-659,-701
-304,-795
7,-608
-390,-793
-451,-599
770,-39
-420,-805
-610,-676
-91,-610
-568,-742
631,20
-682,-519
-88,-738
-663,-769
-522,-809
-409,-653
17,-619
-468,-765
747,6
-526,-770
-6,-718
774,149
737,-103
713,167
60,-799
658,63
-421,-579
533,40
-697,-601
-338,-564
-83,-805
-547,-597
110,-697
-487,-723
10,-599
608,167
536,-85
-464,-711
-570,-515
728,-70
-515,-724
686,-111
-366,-568
-572,-556
715,110
-581,-554
588,57
-723,-592
-725,-689
-617,-777
712,116
144,-712
-680,-654
-390,-640
748,166
647,152
17,-694
665,9
-536,-755
-31,-765
771,42
-622,-769
-651,-597
-101,-746
-412,-775
742,-32
-498,-705
-602,-744
-656,-683
-518,-724
-457,-797
-681,-608
687,-53
796,112
-443,-555
63,-552
686,-7
-515,-616
-554,-683
529,-2
695,-87
-465,-696
-412,-807
793,-20
154,-813
585,-101
116,-769
-454,-676
-387,-649
-604,-549
-116,-752
-500,-640
-332,-725
577,-53
669,161
128,-763
-592,-557
310,-343
717,-28
-100,-554
-409,-583
53,-726
-341,-757
-95,-657
-458,-684
-547,-580
-432,-731
-518,-723
-659,-681
-423,-700
-621,-650
-572,-694
-528,-743
-730,-687
-6,-740
144,-730
-16,-592
-399,-737
-492,-724
666,98
553,80
130,-582
109,-671
-524,-639
78,-566
-657,-615
-94,-745
-730,-639
-337,-750
769,-9
705,1
152,-656
-81,-650
6,-792
730,-45
-686,-654
526,-34
-493,-708
764,-103
-468,-593
87,-586
540,-4
792,-17
89,-745
-4,-741
91,-537
-511,-754
-612,-645
-350,-578
-545,-554
749,-26
1,-807
705,-3
618,-74
28,-542
-56,-755
-494,-682
-669,-528
115,-608
-366,-675
-674,-708
-499,-795
535,-15
765,-107
-312,-590
715,-59
124,-649
706,-16
-70,-762
-624,-621
-338,-684
740,32
600,115
59,-741
-521,-547
-499,-626
-575,-630
667,-45
-605,-764
-572,-795
-517,-760
688,-79
1,-647
-615,-570
-552,-784
-437,-595
534,154
634,-23
-594,-622
-468,-664
537,-85
-505,-718
706,56
-22,-637
676,84
14,-556
74,-766
-456,-656
649,75
590,152
38,-563
-457,-518
-646,-786
-439,-782
-490,-671
-309,-598
741,-86
-413,-679
-563,-792
682,-92
-304,-673
11,-586
-431,-783
-527,-676
-556,-585
-503,-550
-497,-582
-564,-606
662,32
-43,-599
-395,-700
643,123
-503,-745
-553,-730
-88,-678
-641,-520
-500,-603
624,-54
-362,-622
-524,-706
-452,-565
-122,-710
-536,-639
-300,-555
-367,-769
726,-86
767,61
-688,-530
-459,-669
-664,-721
-597,-726
792,129
790,51
754,-100
-524,-732
29,-569
88,-570
49,-760
749,-12
560,-39
111,-768
-661,-624
-306,-570
34,-650
87,-660
-668,-583
-121,-780
-510,-774
605,11
-572,-786
-544,-609
-660,-767
635,148
-379,-720
-403,-669
93,-754
566,134
608,8
-311,-661
143,-725
-455,-783
-667,-766
584,-74
93,-769
793,148
-326,-628
139,-570
-568,-716
-545,-552
-487,-695
-555,-564
-335,-546
-666,-618
-546,-547
-731,-734
13,-705
-573,-767
538,120
-648,-709
805,-99
801,88
-108,-609
-628,-571
-446,-745
-543,-661
-539,-785
-4,-632
589,-31
-587,-602
-619,-677
528,-35
-499,-552
791,135
-684,-588
545,-26
-107,-637
65,-581
22,-563
804,93
-596,-585
-676,-661
-605,-540
-487,-809
136,-669
586,-64
12,-587
-636,-647
-453,-700
-462,-757
39,-787
-82,-703
671,-5
-525,-601
-566,-632
-697,-709
-575,-653
-439,-549
-414,-780
-643,-547
-356,-552
-105,-606
657,-15
-541,-743
-96,-735
59,-655
-507,-776
-552,-578
-510,-534
-348,-742
-688,-550
570,-14
-486,-608
-298,-796
-623,-537
774,-71
-508,-768
-304,-800
-550,-541
636,-78
-542,-596
-494,-562
-685,-635
-96,-555
7,-813
-640,-655
-503,-608
-8,-550
61,-554
-607,-754
732,80
-443,-620
-500,-679
-578,-522
70,-762
-560,-604
-21,-789
97,-715
-13,-706
754,164
-623,-537
-86,-598
654,74
757,127
-676,-743
-557,-669
-67,-642
-579,-558
-62,-580
-517,-597
-518,-633
-521,-609
-523,-532
-400,-725
-363,-732
526,-15
-539,-576
-547,-654
78,-643
-77,-544
572,164
120,-566
-472,-614
-295,-234
581,-31
-17,-576
-527,-555
672,83
-519,-639
-62,-633
-64,-709
45,-713
676,-102
694,69
-708,-557
-706,-513
771,11
-531,-661
-517,-779
-528,-620
-7,-708
5,-616
-493,-560
-459,-594
8,-802
29,-604
-693,-539
-479,-539
19,-778
-355,-721
-629,-553
-359,-714
-356,-773
-671,-557
-510,-568
-492,-511
-439,-619
-580,-727
642,-73
-389,-667
88,-738
121,-747
155,-645
50,-755
699,-101
-423,-550
791,21
633,37
-538,-693
-514,-510
135,-790
144,-761
-666,-585
-2,-634
-581,-519
-360,-605
44,-595
-13,-708
-443,-639
784,154
-492,-521
-509,-699
-622,-718
-42,-678
-464,-582
-305,-797
146,-764
-711,-507
-119,-719
753,-87
734,46
-630,-694
-554,-658
18,-578
641,49
-58,-742
-548,-616
81,-771
-716,-628
-326,-798
-370,-711
671,-82
-554,-582
771,-18
77,-617
-722,-613
-31,-630
-605,-697
-474,-675
-607,-720
535,98
-107,-739
-572,-657
-652,-548
45,-553
36,-578
530,10
766,-85
-538,-671
-398,-566
586,-15
-115,-738
-80,-754
82,-765
-347,-620
-395,-722
-118,-786
154,-630
-505,-595
-687,-663
-50,-631
82,-624
-597,-587
151,-749
-562,-616
-528,-577
-537,-722
-600,-583
-56,-679
-596,-710
643,-24
-509,-663
-327,-651
-501,-740
-625,-508
-362,-584
-551,-679
-24,-545
605,29
-577,-769
645,-56
734,62
779,-8
770,31
32,-625
154,-776
773,24
-660,-606
-689,-734
659,143
-404,-698
-391,-658
-427,-688
563,77
131,-610
-53,-469
-653,-514
-697,-604
-639,-716
95,-714
-592,-770
703,133
-21,-571
-504,-511
-372,-555
646,102
-379,-652
758,124
-429,-585
595,32
690,-1
-120,-778
-20,-618
-528,-786
627,-79
-432,-568
138,-618
-60,-698
-560,-721
-598,-705
559,-74
-101,-728
534,58
-700,-604
540,1
-503,-722
-502,-661
53,-651
98,-624
-63,-772
31,-790
42,-721
147,-774
-472,-560
748,119
-732,-602
38,-707
-508,-804
-610,-572
107,-592
-97,-812
798,90
-395,-751
-337,-597
-477,-693
-4,-590
-600,-760
-104,-584
94,-628
-581,-641
650,-105
-674,-653
664,153
803,-53
-491,-635
717,112
-697,-679
787,-68
113,-805
-302,-596
670,142
655,87
-532,-610
-36,-606
-690,-692
649,68
-623,-636
649,-37
754,38
563,62
-559,-570
-546,-548
-432,-590
-345,-663
-405,-615
-536,-579
-519,-692
-478,-592
-504,-621
-560,-653
-533,-590
583,-101
-694,-561
-720,-602
-80,-782
55,-743
9,-693
-33,-759
-483,-620
589,-61
-719,-769
13,-792
724,120
-502,-589
-380,-582
11,-645
69,-564
-542,-775
-607,-549
151,-724
795,146
-66,-747
-498,-807
58,-575
-465,-729
-415,-748
553,71
-668,-561
-613,-683
-539,-791
548,-61
729,126
-503,-673
-555,-590
-408,-747
-524,-619
-104,-652
776,40
-552,-704
748,166
-321,-601
-611,-579
45,-792
-569,-574
-496,-703
534,51
-362,-794
750,-28
-464,-715
699,-7
83,-593
-574,-630
-537,-741
550,90
-556,-669
134,-557
48,-654
577,-40
-718,-528
-90,-816
551,-444
-76,-557
617,9
-447,-550
-557,-798
641,32
547,125
773,-105
38,-623
-595,-561
-399,-532
-393,-702
695,-23
98,-678
571,-103
-731,-567
-384,-794
588,96
556,55
-501,-615
-551,-619
599,-99
-657,-597
-473,-615
678,148
567,-33
-513,-567
717,-10
753,34
-38,-782
-349,-578
-712,-526
-307,-535
-581,-566
155,-812
-552,-650
-677,-760
-27,-669
44,-598
792,-107
-307,-594
-716,-675
-28,-766
-370,-629
-560,-596
-549,-790
50,-642
632,-71
1,-645
526,165
-409,-582
75,-537
-467,-582
-417,-629
-581,-572
-613,-561
54,-728
152,-604
-462,-515
-690,-28
-16,-545
-17,-542
539,92
723,121
-523,-680
-84,-586
152,-561
-438,-704
-453,-735
27,-802
588,40
-427,-539
-521,-768
-671,-778
-374,-610
-476,-710
-659,-773
-627,-752
-561,-525
695,-13
-394,-734
51,-770
-679,-651
-301,-538
761,47
-82,-782
-730,-653
-525,-620
-725,-550
-518,-687
-442,-611
-662,-763
-492,-637
-313,-583
-688,-780
-258,90
-481,-791
776,-5
-660,-763
20,-564
79,-765
641,46
567,-96
-388,-811
638,137
641,-82
-695,-631
-5,-565
-509,-603
644,138
-471,-568
-374,-692
594,41
-91,-623
663,122
-698,-785
-332,-620
106,-795
681,11
64,-816
-508,-563
-467,-685
12,-556
577,153
-718,-724
619,128
121,-601
-79,-631
-59,-736
-12,-645
672,94
589,162
145,-634
-490,-713
617,106
566,-4
-427,-556
593,-8
-547,-671
547,1
763,75
803,117
-506,-612
-45,-722
-29,-691
657,-86
-608,-519
-505,-637
-660,-528
-384,-574
-374,-772
-452,-568
-16,-561
799,-1
-652,-681
601,12
-616,-659
765,21
-556,-599
783,-13
-701,-766
133,-544
-695,-729
-337,-730
59,-595
762,130
-498,-539
142,-650
745,164
734,-37
-688,-683
-396,-798
-338,-644
-432,-646
757,95
616,56
638,91
605,-97
-731,-780
552,-72
721,-97
-561,-733
-118,-614
-106,-552
-358,-741
-371,-731
615,139
672,66
-632,-766
9,-701
4,-672
-517,-669
725,-28
-84,-663
612,-111
-561,-585
586,-56
-482,-675
151,-699
-700,-524
-58,-710
-667,-748
-693,-745
704,115
90,-579
733,97
-63,-718
152,-594
-485,-706
-345,-745
-560,-771
67,-576
-624,-702
-300,-586
29,-568
29,-622
555,-64
-87,-599
-697,-547
-459,-514
-538,-607
534,159
-96,-772
653,37
783,158
-718,-741
716,-21
-2,-541
-727,-715
-464,-510
-118,-597
600,117
-392,-790
-546,-737
-547,-629
748,95
-629,-725
751,71
-107,-795
-523,-742
587,32
628,38
150,-694
-598,-770
-549,-532
533,10
-47,-593
592,127
-594,-729
-496,-626
-575,-700
683,104
-426,-677
761,62
-496,-601
-405,-790
584,112
-705,-783
-423,-684
608,-83
90,-780
-496,-547
-54,-599
15,-763
-596,-778
-45,-571
-629,-634
-557,-533
530,120
-528,-729
146,-659
-459,-786
-73,-663
-712,-626
-527,-722
-393,-761
-61,-811
-652,-722
-425,-609
-698,-542
-700,-576
550,-13
30,-811
-458,-777
-722,-517
-483,-598
-403,-664
-29,-685
-532,-551
-506,-510
-8,-577
-377,-587
4,303
-388,-648
